ranking,vElf #
0,70
1,21
2,7
3,98
4,207
5,777
6,14
7,2933
8,6546
9,3207
10,2963
11,2879
12,6985
13,2923
14,4604
15,7109
16,3327
17,4719
18,4367
19,3305
20,5474
21,7271
22,2347
23,3346
24,1991
25,1084
26,4083
27,5043
28,1810
29,7703
30,5462
31,2845
32,3135
33,194
34,2121
35,4701
36,5964
37,5373
38,4965
39,2572
40,2779
41,2593
42,3219
43,1584
44,286
45,2065
46,7545
47,2373
48,6984
49,2210
50,546
51,6272
52,3375
53,1258
54,10
55,6988
56,1301
57,4003
58,4514
59,2797
60,1426
61,907
62,5446
63,2079
64,635
65,5530
66,6032
67,1683
68,2986
69,2761
70,7163
71,2976
72,5868
73,5767
74,514
75,3072
76,6227
77,6134
78,7713
79,4001
80,6299
81,4629
82,4313
83,1265
84,943
85,5291
86,7316
87,2386
88,6323
89,6238
90,3404
91,3817
92,7389
93,6726
94,5009
95,3883
96,3944
97,5558
98,930
99,5028
100,7225
101,4042
102,1540
103,3213
104,1401
105,3586
106,6889
107,1254
108,1206
109,3036
110,3565
111,1207
112,1390
113,2253
114,1153
115,4559
116,5184
117,1446
118,1157
119,5878
120,6874
121,2047
122,4738
123,4566
124,5996
125,7379
126,369
127,424
128,5269
129,2393
130,1220
131,7087
132,2349
133,2181
134,3664
135,5470
136,3755
137,1607
138,7542
139,6055
140,4391
141,6062
142,7484
143,3701
144,6001
145,6645
146,3814
147,4174
148,1608
149,6435
150,1045
151,170
152,929
153,3168
154,942
155,3994
156,3647
157,1112
158,1074
159,4631
160,730
161,6076
162,7298
163,465
164,1752
165,3461
166,904
167,7564
168,4310
169,2713
170,502
171,2493
172,1988
173,3629
174,7105
175,6149
176,3627
177,6854
178,4990
179,5275
180,6428
181,541
182,33
183,5687
184,5840
185,4172
186,7217
187,4817
188,4654
189,2722
190,6083
191,4349
192,972
193,3859
194,5559
195,1450
196,4976
197,6268
198,6390
199,2116
200,7715
201,3745
202,6916
203,6035
204,3233
205,4445
206,6882
207,6493
208,5352
209,1745
210,1690
211,1268
212,3546
213,521
214,947
215,6945
216,2217
217,4549
218,3879
219,5142
220,5174
221,1519
222,4503
223,3774
224,4053
225,2200
226,3818
227,6689
228,6589
229,402
230,5386
231,4105
232,7450
233,2626
234,1677
235,2197
236,4303
237,4211
238,5026
239,2604
240,4835
241,4321
242,7270
243,294
244,567
245,5169
246,3577
247,1225
248,1703
249,4242
250,4119
251,2919
252,7419
253,6802
254,5980
255,86
256,883
257,2610
258,6402
259,3470
260,3867
261,3172
262,493
263,3002
264,5862
265,965
266,1305
267,898
268,5640
269,2193
270,7376
271,7342
272,344
273,2694
274,2810
275,7013
276,3873
277,4980
278,1162
279,5120
280,1957
281,1168
282,2953
283,5245
284,2505
285,1861
286,5311
287,4002
288,5021
289,7323
290,5834
291,4023
292,6870
293,7404
294,3698
295,1478
296,6792
297,4659
298,3815
299,2888
300,4882
301,3306
302,4408
303,823
304,4686
305,3537
306,2706
307,3959
308,5020
309,2485
310,2413
311,526
312,6249
313,5454
314,4209
315,4605
316,6616
317,4557
318,6831
319,1132
320,3203
321,36
322,983
323,1859
324,2671
325,5461
326,900
327,15
328,1833
329,2740
330,733
331,3069
332,2803
333,1820
334,3011
335,2148
336,2018
337,7642
338,6044
339,6260
340,4011
341,2111
342,5243
343,3758
344,1793
345,5954
346,5582
347,3400
348,3528
349,6976
350,4386
351,246
352,5316
353,1741
354,4781
355,696
356,4807
357,3720
358,1373
359,428
360,6099
361,89
362,4663
363,6615
364,5072
365,846
366,6013
367,4757
368,233
369,760
370,4931
371,1921
372,7653
373,2328
374,7456
375,2647
376,7246
377,4519
378,6006
379,5354
380,685
381,3969
382,5969
383,2402
384,2887
385,6600
386,7399
387,4049
388,2262
389,1563
390,3910
391,2698
392,4006
393,5140
394,2792
395,1439
396,790
397,2256
398,826
399,3054
400,7565
401,2503
402,13
403,490
404,1830
405,2595
406,3909
407,3055
408,537
409,604
410,1421
411,7343
412,6473
413,3132
414,1239
415,7348
416,3370
417,663
418,1260
419,4511
420,2173
421,2876
422,234
423,6766
424,4576
425,7374
426,3870
427,4013
428,3238
429,2866
430,5562
431,6093
432,1021
433,2785
434,4883
435,5897
436,249
437,1508
438,2816
439,2187
440,4741
441,6626
442,491
443,2202
444,1358
445,6829
446,4402
447,3612
448,7410
449,5588
450,3145
451,1774
452,5456
453,4568
454,1873
455,3536
456,2390
457,2394
458,4853
459,911
460,2297
461,3297
462,3544
463,7321
464,2161
465,7499
466,7137
467,4472
468,2318
469,1672
470,3510
471,2684
472,4504
473,1237
474,1727
475,4286
476,261
477,5267
478,3772
479,3846
480,1955
481,2288
482,6536
483,3004
484,5185
485,1479
486,136
487,2468
488,4366
489,17
490,445
491,6371
492,3732
493,2775
494,992
495,545
496,290
497,2405
498,236
499,5087
500,623
501,4478
502,204
503,3254
504,6092
505,3997
506,4842
507,7173
508,5504
509,7598
510,3858
511,860
512,1247
513,2422
514,7596
515,7582
516,263
517,5423
518,2203
519,6931
520,6392
521,825
522,668
523,7032
524,3513
525,400
526,3137
527,4707
528,4564
529,3559
530,994
531,4985
532,5333
533,4041
534,7398
535,913
536,2425
537,2225
538,2813
539,426
540,5898
541,3728
542,6760
543,7435
544,4189
545,2527
546,549
547,4453
548,5192
549,6793
550,5828
551,302
552,2360
553,6181
554,5908
555,5302
556,2836
557,4648
558,4166
559,5696
560,2966
561,3494
562,2725
563,6221
564,2939
565,5227
566,5946
567,4030
568,4692
569,2301
570,5824
571,5329
572,3674
573,2031
574,1724
575,7603
576,2545
577,4465
578,7149
579,4906
580,510
581,3471
582,182
583,1763
584,6146
585,1022
586,963
587,2705
588,4773
589,2985
590,5129
591,3784
592,3361
593,2040
594,6908
595,2278
596,5240
597,5211
598,1147
599,4532
600,7747
601,6669
602,1451
603,4515
604,4025
605,3018
606,2644
607,7680
608,6650
609,5591
610,1160
611,6449
612,5217
613,6864
614,3155
615,6774
616,6961
617,2477
618,6152
619,7230
620,1857
621,5841
622,4341
623,6262
624,9
625,6885
626,2720
627,6097
628,1352
629,5662
630,6677
631,1553
632,3142
633,389
634,5971
635,2656
636,3976
637,1901
638,4838
639,1244
640,7098
641,1278
642,2017
643,5002
644,4354
645,6234
646,3190
647,3201
648,6434
649,669
650,598
651,1255
652,3766
653,4219
654,4234
655,7048
656,6761
657,5546
658,4651
659,1566
660,4289
661,1394
662,2795
663,3512
664,3161
665,4415
666,7718
667,6813
668,3631
669,2940
670,5186
671,3048
672,2397
673,3245
674,3095
675,3350
676,1666
677,6627
678,6362
679,1122
680,5112
681,3023
682,6794
683,1825
684,4797
685,7375
686,3887
687,5572
688,7529
689,7174
690,1441
691,7086
692,5806
693,3444
694,6314
695,6172
696,2918
697,2835
698,6485
699,4484
700,4533
701,5096
702,5143
703,5928
704,4347
705,3497
706,4281
707,3923
708,6914
709,4425
710,818
711,1453
712,6896
713,4612
714,5085
715,3691
716,2012
717,5858
718,3654
719,1118
720,6014
721,4500
722,6538
723,6498
724,3548
725,5365
726,351
727,529
728,4185
729,2274
730,3793
731,3840
732,811
733,1419
734,3675
735,773
736,312
737,3998
738,4058
739,4790
740,7189
741,3789
742,2435
743,5699
744,442
745,1328
746,4092
747,5664
748,1971
749,3256
750,6128
751,6746
752,5394
753,6540
754,851
755,479
756,6327
757,6120
758,6888
759,1027
760,2010
761,2877
762,2753
763,698
764,4540
765,1907
766,2553
767,2670
768,5344
769,809
770,3697
771,2679
772,7400
773,6758
774,7507
775,7284
776,5449
777,3373
778,2800
779,273
780,1586
781,3500
782,6565
783,5995
784,7628
785,4017
786,6699
787,4596
788,1813
789,1783
790,1015
791,6157
792,2428
793,7332
794,2099
795,7192
796,3665
797,4359
798,3888
799,2478
800,2550
801,3438
802,3752
803,4236
804,4306
805,5149
806,6397
807,3024
808,5188
809,4151
810,6705
811,6996
812,2219
813,6786
814,2075
815,6828
816,2005
817,2214
818,7490
819,5615
820,4137
821,5371
822,5563
823,1643
824,4747
825,2064
826,7593
827,6520
828,1468
829,2519
830,4340
831,5008
832,2636
833,1285
834,4063
835,4088
836,7185
837,5794
838,3904
839,725
840,6692
841,5512
842,3244
843,4233
844,2299
845,5764
846,7581
847,2469
848,2154
849,5599
850,7260
851,395
852,5561
853,4705
854,154
855,1737
856,3420
857,357
858,60
859,6425
860,96
861,3619
862,4235
863,45
864,5934
865,4430
866,5095
867,503
868,933
869,654
870,2438
871,2387
872,6734
873,6461
874,4995
875,334
876,5920
877,937
878,2751
879,5396
880,6779
881,1977
882,6718
883,6816
884,5214
885,7708
886,557
887,4276
888,1020
889,69
890,3940
891,5645
892,6219
893,242
894,2022
895,6185
896,4290
897,7488
898,6271
899,4539
900,7533
901,1923
902,6141
903,7194
904,4295
905,6913
906,2466
907,419
908,3928
909,7494
910,4661
911,3490
912,2605
913,6358
914,3323
915,3703
916,7500
917,7629
918,4356
919,4039
920,848
921,7368
922,841
923,4895
924,464
925,1840
926,7254
927,3515
928,6834
929,2150
930,4133
931,3656
932,1224
933,6034
934,3977
935,3779
936,5650
937,2237
938,5034
939,5294
940,3128
941,4325
942,23
943,7193
944,5544
945,2611
946,7055
947,1194
948,1346
949,4675
950,5334
951,4389
952,6671
953,6073
954,1908
955,746
956,437
957,5225
958,6926
959,1844
960,303
961,7122
962,2358
963,3206
964,530
965,6730
966,3960
967,5735
968,5187
969,6559
970,2621
971,7745
972,2793
973,6533
974,4188
975,1686
976,6413
977,2540
978,2954
979,2163
980,4522
981,1389
982,7307
983,5729
984,6301
985,2195
986,1505
987,5850
988,7777
989,1019
990,4210
991,1445
992,311
993,110
994,4199
995,1983
996,4068
997,5299
998,3605
999,329
1000,2013
1001,686
1002,172
1003,1851
1004,1616
1005,3117
1006,3287
1007,1295
1008,5963
1009,2300
1010,6079
1011,417
1012,5941
1013,5136
1014,7255
1015,803
1016,5733
1017,4794
1018,3379
1019,5789
1020,4839
1021,5421
1022,2781
1023,6155
1024,5594
1025,952
1026,4619
1027,1409
1028,5381
1029,575
1030,6902
1031,2529
1032,6419
1033,4905
1034,1341
1035,1152
1036,3958
1037,3502
1038,614
1039,7366
1040,6921
1041,6752
1042,7264
1043,3646
1044,7735
1045,1951
1046,6248
1047,3947
1048,641
1049,6024
1050,5514
1051,608
1052,2016
1053,2906
1054,6415
1055,4615
1056,5362
1057,44
1058,7483
1059,3293
1060,6432
1061,6121
1062,3610
1063,804
1064,2201
1065,4737
1066,2354
1067,5131
1068,1430
1069,7132
1070,4669
1071,3278
1072,7481
1073,2669
1074,4403
1075,501
1076,4184
1077,5583
1078,3807
1079,5761
1080,4760
1081,914
1082,3695
1083,1841
1084,4283
1085,6416
1086,7702
1087,2035
1088,3759
1089,7658
1090,2618
1091,946
1092,6644
1093,1768
1094,5038
1095,513
1096,5569
1097,2294
1098,5986
1099,7292
1100,5633
1101,6980
1102,214
1103,4626
1104,4703
1105,3901
1106,6509
1107,3395
1108,5115
1109,5691
1110,5494
1111,5759
1112,1675
1113,7071
1114,6675
1115,6192
1116,4924
1117,7279
1118,547
1119,4491
1120,7770
1121,4468
1122,5318
1123,275
1124,1836
1125,5587
1126,2905
1127,3210
1128,2083
1129,4130
1130,6448
1131,2977
1132,3892
1133,162
1134,180
1135,4019
1136,3229
1137,5823
1138,899
1139,6856
1140,1332
1141,2196
1142,4727
1143,4601
1144,5706
1145,4593
1146,1179
1147,6154
1148,7588
1149,6804
1150,4723
1151,2006
1152,6525
1153,838
1154,3458
1155,5602
1156,3343
1157,982
1158,410
1159,5888
1160,7377
1161,599
1162,1079
1163,6003
1164,6662
1165,6815
1166,3645
1167,3595
1168,3347
1169,5748
1170,6123
1171,3158
1172,1357
1173,7541
1174,2883
1175,6938
1176,3566
1177,7250
1178,699
1179,4779
1180,7604
1181,4182
1182,2642
1183,7276
1184,6799
1185,360
1186,722
1187,2959
1188,7092
1189,583
1190,4044
1191,1317
1192,2677
1193,881
1194,1060
1195,3152
1196,3862
1197,1460
1198,7776
1199,6269
1200,4154
1201,7714
1202,2166
1203,3273
1204,4912
1205,3165
1206,2037
1207,5890
1208,3092
1209,6310
1210,5881
1211,2232
1212,6230
1213,2908
1214,1883
1215,7093
1216,4848
1217,4144
1218,3777
1219,1005
1220,1561
1221,6917
1222,6572
1223,4525
1224,3010
1225,2578
1226,763
1227,517
1228,1739
1229,6216
1230,2958
1231,4192
1232,6095
1233,6647
1234,192
1235,7678
1236,962
1237,5150
1238,5676
1239,4292
1240,4909
1241,6897
1242,642
1243,655
1244,3131
1245,5473
1246,7204
1247,566
1248,5784
1249,4050
1250,7755
1251,7498
1252,6488
1253,3116
1254,3582
1255,7627
1256,3285
1257,4859
1258,988
1259,5785
1260,2570
1261,2131
1262,2308
1263,5807
1264,3440
1265,3205
1266,4722
1267,5177
1268,1619
1269,1185
1270,648
1271,3301
1272,2446
1273,1900
1274,886
1275,5936
1276,7662
1277,1999
1278,5809
1279,4458
1280,6614
1281,4492
1282,5537
1283,1235
1284,5409
1285,4946
1286,5134
1287,5872
1288,1749
1289,206
1290,6426
1291,2874
1292,1596
1293,6723
1294,3026
1295,6294
1296,1642
1297,1733
1298,5054
1299,6791
1300,1720
1301,548
1302,1898
1303,2492
1304,6696
1305,1014
1306,3200
1307,1765
1308,4820
1309,5249
1310,4215
1311,5442
1312,495
1313,5427
1314,6160
1315,6587
1316,2380
1317,6349
1318,133
1319,3893
1320,6652
1321,1663
1322,6737
1323,6969
1324,839
1325,5903
1326,6393
1327,7021
1328,694
1329,6287
1330,702
1331,5228
1332,5693
1333,3748
1334,1704
1335,6604
1336,6033
1337,3081
1338,2313
1339,1678
1340,3480
1341,6943
1342,3516
1343,121
1344,4493
1345,3592
1346,84
1347,6535
1348,1688
1349,5132
1350,7288
1351,4891
1352,2475
1353,5915
1354,1086
1355,2814
1356,7203
1357,1870
1358,5792
1359,2653
1360,4140
1361,450
1362,3067
1363,753
1364,630
1365,7176
1366,2646
1367,4767
1368,4022
1369,3584
1370,6368
1371,1506
1372,5145
1373,6632
1374,6751
1375,4528
1376,6026
1377,3782
1378,2539
1379,5057
1380,5482
1381,1975
1382,7144
1383,2240
1384,6510
1385,1811
1386,1838
1387,1110
1388,523
1389,7406
1390,4086
1391,5877
1392,7434
1393,4095
1394,1116
1395,5336
1396,4796
1397,4776
1398,2934
1399,1384
1400,7215
1401,6359
1402,1635
1403,5078
1404,6978
1405,7238
1406,7223
1407,657
1408,1319
1409,6596
1410,6867
1411,551
1412,542
1413,7233
1414,1786
1415,6922
1416,7458
1417,6304
1418,3596
1419,4459
1420,4745
1421,2125
1422,2580
1423,2975
1424,4417
1425,6401
1426,6991
1427,5689
1428,6934
1429,6611
1430,3575
1431,6212
1432,5218
1433,5739
1434,5506
1435,2355
1436,7253
1437,1998
1438,5387
1439,4664
1440,6239
1441,561
1442,4829
1443,7417
1444,5991
1445,1511
1446,5552
1447,1350
1448,5124
1449,4434
1450,4429
1451,6468
1452,3123
1453,2291
1454,247
1455,619
1456,1016
1457,5166
1458,6337
1459,443
1460,454
1461,504
1462,6377
1463,2507
1464,463
1465,5064
1466,7110
1467,5722
1468,2321
1469,7466
1470,2796
1471,7317
1472,7308
1473,939
1474,7609
1475,852
1476,1974
1477,7769
1478,1466
1479,6210
1480,3466
1481,2007
1482,1488
1483,7469
1484,7000
1485,6394
1486,5167
1487,879
1488,1530
1489,1769
1490,6240
1491,4395
1492,6507
1493,497
1494,782
1495,5541
1496,1885
1497,1280
1498,2474
1499,7084
1500,1241
1501,382
1502,3599
1503,2536
1504,466
1505,2650
1506,2222
1507,3101
1508,362
1509,1236
1510,718
1511,6562
1512,1669
1513,1013
1514,7579
1515,2095
1516,1541
1517,3953
1518,1874
1519,3693
1520,5100
1521,1144
1522,676
1523,416
1524,6051
1525,7112
1526,1626
1527,640
1528,1945
1529,7528
1530,2134
1531,2897
1532,3227
1533,721
1534,673
1535,5501
1536,5053
1537,7394
1538,6891
1539,7467
1540,4545
1541,2730
1542,1579
1543,3781
1544,4101
1545,377
1546,5471
1547,661
1548,332
1549,3533
1550,4660
1551,1629
1552,1543
1553,6113
1554,2743
1555,2077
1556,1753
1557,7618
1558,3517
1559,2271
1560,3553
1561,742
1562,584
1563,308
1564,4287
1565,7037
1566,7198
1567,4277
1568,6769
1569,1303
1570,3842
1571,6104
1572,5385
1573,7557
1574,4195
1575,601
1576,7623
1577,1848
1578,2206
1579,6967
1580,3617
1581,6224
1582,1872
1583,5839
1584,4632
1585,1665
1586,462
1587,6246
1588,4920
1589,5655
1590,1376
1591,5765
1592,6516
1593,7070
1594,5990
1595,2664
1596,6863
1597,4898
1598,515
1599,2182
1600,2043
1601,5510
1602,3729
1603,6736
1604,3738
1605,3173
1606,5972
1607,6664
1608,6064
1609,1976
1610,3746
1611,2076
1612,4266
1613,3221
1614,622
1615,4046
1616,5683
1617,4927
1618,3432
1619,6103
1620,2567
1621,5101
1622,7243
1623,5384
1624,7403
1625,7378
1626,3402
1627,4657
1628,5347
1629,2804
1630,4007
1631,18
1632,5533
1633,2259
1634,7183
1635,7178
1636,5368
1637,1796
1638,50
1639,184
1640,632
1641,4167
1642,4466
1643,3274
1644,4876
1645,379
1646,6325
1647,4901
1648,5635
1649,6712
1650,1213
1651,6519
1652,5460
1653,4666
1654,6951
1655,2204
1656,1903
1657,7290
1658,7530
1659,6805
1660,2818
1661,5770
1662,5148
1663,1776
1664,4194
1665,505
1666,5265
1667,1081
1668,7526
1669,5398
1670,5801
1671,2829
1672,5719
1673,1985
1674,2180
1675,2862
1676,3094
1677,6665
1678,6515
1679,473
1680,2680
1681,815
1682,6884
1683,1461
1684,4406
1685,3677
1686,4690
1687,1424
1688,3776
1689,1198
1690,486
1691,6993
1692,3813
1693,6783
1694,7196
1695,5067
1696,606
1697,5012
1698,533
1699,7326
1700,1860
1701,4323
1702,1664
1703,1420
1704,7075
1705,7039
1706,4326
1707,2130
1708,7738
1709,6302
1710,4725
1711,2736
1712,5652
1713,1949
1714,6553
1715,4183
1716,1544
1717,3053
1718,4134
1719,2582
1720,5315
1721,6129
1722,5942
1723,3700
1724,3741
1725,6069
1726,4709
1727,7036
1728,7637
1729,6017
1730,2523
1731,7012
1732,6148
1733,4079
1734,7380
1735,4667
1736,6336
1737,4713
1738,1368
1739,7418
1740,1871
1741,2608
1742,550
1743,2828
1744,3636
1745,1545
1746,6011
1747,2212
1748,446
1749,2708
1750,1113
1751,472
1752,285
1753,5774
1754,4811
1755,2284
1756,5495
1757,440
1758,6459
1759,6250
1760,7552
1761,5450
1762,374
1763,4112
1764,2710
1765,138
1766,1302
1767,5366
1768,87
1769,5099
1770,1377
1771,109
1772,7358
1773,7445
1774,1109
1775,3760
1776,7709
1777,5727
1778,4274
1779,5845
1780,6144
1781,93
1782,4008
1783,474
1784,4345
1785,3412
1786,2729
1787,5921
1788,2463
1789,3579
1790,7245
1791,6526
1792,260
1793,1366
1794,7668
1795,793
1796,4902
1797,2233
1798,6910
1799,6578
1800,1471
1801,5970
1802,6532
1803,7229
1804,1169
1805,5815
1806,5032
1807,727
1808,5435
1809,4981
1810,7614
1811,538
1812,2586
1813,5573
1814,3583
1815,3174
1816,849
1817,755
1818,6292
1819,4108
1820,1568
1821,7443
1822,5341
1823,6865
1824,53
1825,5121
1826,1006
1827,5289
1828,6342
1829,4446
1830,5230
1831,6430
1832,1035
1833,6452
1834,4094
1835,7023
1836,3060
1837,5666
1838,5523
1839,6571
1840,3264
1841,5499
1842,6118
1843,2282
1844,5723
1845,1987
1846,6700
1847,3337
1848,5698
1849,7416
1850,3948
1851,5940
1852,544
1853,1693
1854,4625
1855,6489
1856,291
1857,4968
1858,6822
1859,4708
1860,4338
1861,3406
1862,6127
1863,4333
1864,5272
1865,5285
1866,6202
1867,7365
1868,6085
1869,64
1870,2192
1871,5232
1872,3771
1873,7244
1874,5164
1875,4361
1876,7671
1877,2444
1878,4449
1879,5516
1880,2709
1881,4357
1882,5900
1883,6987
1884,6583
1885,3182
1886,6832
1887,7011
1888,4649
1889,4558
1890,3824
1891,7369
1892,5258
1893,181
1894,5989
1895,2185
1896,2289
1897,1133
1898,1211
1899,1747
1900,7057
1901,7161
1902,7152
1903,3576
1904,3197
1905,2865
1906,5060
1907,5930
1908,1339
1909,3169
1910,2777
1911,2434
1912,6039
1913,1012
1914,1817
1915,4056
1916,2640
1917,2327
1918,1587
1919,6599
1920,867
1921,2762
1922,1894
1923,3481
1924,4923
1925,3775
1926,2988
1927,210
1928,4221
1929,7331
1930,5730
1931,5256
1932,6618
1933,6284
1934,165
1935,4687
1936,1660
1937,4213
1938,7736
1939,1398
1940,5141
1941,2112
1942,6281
1943,4671
1944,224
1945,2133
1946,6672
1947,5496
1948,1970
1949,2367
1950,6378
1951,3618
1952,423
1953,427
1954,2152
1955,5797
1956,6047
1957,4098
1958,7128
1959,232
1960,6273
1961,2332
1962,2497
1963,7100
1964,2867
1965,4970
1966,3914
1967,7311
1968,3192
1969,1126
1970,5119
1971,2812
1972,2510
1973,6197
1974,3934
1975,61
1976,6361
1977,714
1978,4368
1979,323
1980,845
1981,7364
1982,3139
1983,3282
1984,1662
1985,4034
1986,3739
1987,3008
1988,3150
1989,1231
1990,6131
1991,576
1992,3908
1993,5637
1994,1473
1995,5024
1996,769
1997,7544
1998,2643
1999,6843
2000,2364
2001,1565
2002,7546
2003,778
2004,6091
2005,650
2006,3298
2007,5086
2008,4751
2009,1694
2010,7567
2011,6763
2012,2841
2013,1010
2014,4247
2015,6347
2016,6762
2017,7169
2018,6883
2019,3414
2020,707
2021,6132
2022,3474
2023,3195
2024,7097
2025,1094
2026,678
2027,4267
2028,1050
2029,6537
2030,2127
2031,6713
2032,934
2033,2820
2034,7644
2035,4037
2036,4958
2037,5638
2038,780
2039,5647
2040,1370
2041,2898
2042,4080
2043,7571
2044,3098
2045,5108
2046,5791
2047,2128
2048,1905
2049,338
2050,788
2051,5999
2052,5417
2053,6623
2054,4704
2055,1259
2056,3792
2057,4744
2058,2186
2059,3945
2060,5432
2061,381
2062,3880
2063,4834
2064,2191
2065,1932
2066,6990
2067,3367
2068,2758
2069,4285
2070,7608
2071,4304
2072,4336
2073,2147
2074,5906
2075,2138
2076,6872
2077,4691
2078,751
2079,814
2080,3236
2081,1025
2082,40
2083,5459
2084,4792
2085,5416
2086,7768
2087,6252
2088,4544
2089,3643
2090,3059
2091,3259
2092,3661
2093,3941
2094,4805
2095,6551
2096,602
2097,3421
2098,3641
2099,7336
2100,3314
2101,7572
2102,6002
2103,3353
2104,3749
2105,3315
2106,4462
2107,4352
2108,4871
2109,3835
2110,1647
2111,1425
2112,321
2113,7643
2114,1528
2115,5138
2116,5596
2117,4752
2118,203
2119,3166
2120,81
2121,3711
2122,6086
2123,7235
2124,1403
2125,1402
2126,5271
2127,6143
2128,729
2129,3154
2130,2875
2131,7268
2132,2443
2133,1570
2134,1767
2135,5419
2136,7750
2137,5673
2138,1725
2139,6466
2140,6382
2141,2613
2142,1599
2143,6043
2144,664
2145,5597
2146,1595
2147,6383
2148,1808
2149,6581
2150,2258
2151,4156
2152,5710
2153,3709
2154,7525
2155,579
2156,4077
2157,1800
2158,2949
2159,5305
2160,6495
2161,4907
2162,7148
2163,6275
2164,2230
2165,1083
2166,1612
2167,6376
2168,5557
2169,4394
2170,605
2171,1889
2172,4698
2173,3680
2174,5955
2175,3319
2176,2981
2177,1953
2178,5250
2179,6407
2180,3386
2181,3869
2182,335
2183,4229
2184,666
2185,5483
2186,5486
2187,2106
2188,2824
2189,2750
2190,3489
2191,562
2192,617
2193,2715
2194,4498
2195,484
2196,4057
2197,7062
2198,3074
2199,186
2200,1667
2201,919
2202,2522
2203,2227
2204,921
2205,1386
2206,1529
2207,928
2208,292
2209,6686
2210,1917
2211,692
2212,4481
2213,5364
2214,2832
2215,5961
2216,2407
2217,1600
2218,5568
2219,2483
2220,5208
2221,2502
2222,7612
2223,817
2224,6053
2225,1717
2226,4436
2227,4585
2228,2945
2229,7179
2230,5992
2231,293
2232,1982
2233,1738
2234,2543
2235,2880
2236,6617
2237,1183
2238,6031
2239,3324
2240,4157
2241,3223
2242,4220
2243,1634
2244,2455
2245,3241
2246,1049
2247,6788
2248,4350
2249,5453
2250,6812
2251,3875
2252,2530
2253,4600
2254,7047
2255,5111
2256,2471
2257,2279
2258,4143
2259,5724
2260,62
2261,1485
2262,3249
2263,6895
2264,2998
2265,6892
2266,6369
2267,1723
2268,6136
2269,3042
2270,5156
2271,6640
2272,4339
2273,2246
2274,2036
2275,6441
2276,5907
2277,2450
2278,4948
2279,2436
2280,5800
2281,2353
2282,1915
2283,1906
2284,4646
2285,3919
2286,1514
2287,2245
2288,1297
2289,3265
2290,4777
2291,2563
2292,6245
2293,1342
2294,7425
2295,1562
2296,5033
2297,3191
2298,2342
2299,3044
2300,5896
2301,5714
2302,3868
2303,6982
2304,649
2305,2495
2306,149
2307,399
2308,3234
2309,3374
2310,1651
2311,101
2312,3183
2313,1495
2314,1709
2315,7543
2316,1359
2317,6346
2318,353
2319,271
2320,1520
2321,1367
2322,2603
2323,3621
2324,2831
2325,455
2326,2909
2327,5242
2328,4089
2329,7035
2330,4473
2331,5663
2332,1656
2333,7305
2334,7139
2335,4253
2336,4996
2337,6796
2338,5410
2339,2059
2340,4487
2341,6218
2342,1636
2343,812
2344,1068
2345,6998
2346,328
2347,5924
2348,6682
2349,3129
2350,7125
2351,7752
2352,6427
2353,7384
2354,950
2355,2916
2356,6590
2357,1895
2358,564
2359,1652
2360,7076
2361,1780
2362,3064
2363,7220
2364,5438
2365,5805
2366,5749
2367,3179
2368,6169
2369,2839
2370,4538
2371,7711
2372,3666
2373,6313
2374,1348
2375,6504
2376,1809
2377,7029
2378,2809
2379,5829
2380,6639
2381,6860
2382,3733
2383,4617
2384,4135
2385,211
2386,1969
2387,3360
2388,4978
2389,626
2390,667
2391,5856
2392,5467
2393,7691
2394,2889
2395,1757
2396,5509
2397,3299
2398,5181
2399,1779
2400,2384
2401,4878
2402,1640
2403,4375
2404,679
2405,3079
2406,647
2407,920
2408,7751
2409,6256
2410,157
2411,5630
2412,4317
2413,869
2414,6065
2415,2903
2416,2806
2417,1542
2418,6247
2419,6750
2420,6722
2421,5833
2422,7646
2423,6845
2424,265
2425,6326
2426,3736
2427,5207
2428,4851
2429,2423
2430,2893
2431,4382
2432,6887
2433,3483
2434,6019
2435,6308
2436,1615
2437,1960
2438,5179
2439,2273
2440,4150
2441,2190
2442,3965
2443,3228
2444,1031
2445,5452
2446,6016
2447,874
2448,4397
2449,7440
2450,5704
2451,1119
2452,2763
2453,7320
2454,3246
2455,6400
2456,3240
2457,375
2458,684
2459,5947
2460,3425
2461,3019
2462,3382
2463,2932
2464,3903
2465,4899
2466,4110
2467,2108
2468,2028
2469,4320
2470,6442
2471,4187
2472,7635
2473,3112
2474,3580
2475,2894
2476,4642
2477,7360
2478,1248
2479,745
2480,3954
2481,3133
2482,2072
2483,3523
2484,6191
2485,3043
2486,7407
2487,2113
2488,6242
2489,3938
2490,927
2491,3587
2492,3029
2493,5728
2494,3239
2495,4775
2496,2718
2497,6345
2498,3737
2499,143
2500,4207
2501,6483
2502,6433
2503,3762
2504,5212
2505,7069
2506,3272
2507,3258
2508,3687
2509,7325
2510,1814
2511,3250
2512,1256
2513,2928
2514,1338
2515,3572
2516,5918
2517,7267
2518,2179
2519,1123
2520,6332
2521,7699
2522,3006
2523,6309
2524,5684
2525,6018
2526,366
2527,2143
2528,3312
2529,7717
2530,176
2531,1380
2532,5590
2533,3253
2534,1028
2535,7721
2536,6070
2537,4204
2538,4238
2539,5153
2540,3713
2541,2896
2542,287
2543,5402
2544,7682
2545,4026
2546,6851
2547,6566
2548,7513
2549,4327
2550,7234
2551,5665
2552,3524
2553,4977
2554,331
2555,2756
2556,1436
2557,4672
2558,2525
2559,4662
2560,7701
2561,4643
2562,7283
2563,2224
2564,277
2565,3270
2566,1790
2567,4809
2568,3581
2569,4673
2570,905
2571,1105
2572,80
2573,7388
2574,5804
2575,6564
2576,5580
2577,6254
2578,1082
2579,3707
2580,844
2581,5189
2582,3215
2583,1309
2584,3041
2585,5773
2586,144
2587,4706
2588,4240
2589,2172
2590,5152
2591,7775
2592,1937
2593,6972
2594,3212
2595,3503
2596,3296
2597,3463
2598,6869
2599,2884
2600,5458
2601,4121
2602,4414
2603,6481
2604,1756
2605,2872
2606,4256
2607,5161
2608,6048
2609,1513
2610,6715
2611,3532
2612,6211
2613,458
2614,5340
2615,1463
2616,346
2617,974
2618,4206
2619,5584
2620,3567
2621,2511
2622,7516
2623,3751
2624,2579
2625,1192
2626,2768
2627,5534
2628,3093
2629,1472
2630,5068
2631,1329
2632,1184
2633,4371
2634,6477
2635,6585
2636,5953
2637,2314
2638,6343
2639,6204
2640,2819
2641,3177
2642,5223
2643,7473
2644,2188
2645,3484
2646,4435
2647,4956
2648,6317
2649,6630
2650,643
2651,7135
2652,2234
2653,4847
2654,1996
2655,1351
2656,5261
2657,1120
2658,5538
2659,3986
2660,341
2661,5849
2662,2555
2663,7214
2664,5787
2665,3644
2666,6322
2667,7024
2668,2601
2669,5027
2670,6755
2671,1972
2672,4724
2673,67
2674,3211
2675,794
2676,212
2677,4255
2678,418
2679,2990
2680,3804
2681,3126
2682,150
2683,1300
2684,1004
2685,5522
2686,3369
2687,5407
2688,1886
2689,1849
2690,5880
2691,3485
2692,3451
2693,3344
2694,274
2695,5822
2696,3541
2697,1477
2698,20
2699,1404
2700,1691
2701,3013
2702,3189
2703,5766
2704,4808
2705,1095
2706,5247
2707,5319
2708,4469
2709,7524
2710,5224
2711,5660
2712,3996
2713,2316
2714,451
2715,5642
2716,4071
2717,5301
2718,1412
2719,750
2720,1864
2721,6046
2722,4647
2723,1492
2724,5097
2725,3983
2726,1589
2727,6406
2728,3232
2729,4991
2730,415
2731,5425
2732,612
2733,5246
2734,7187
2735,5105
2736,3525
2737,4971
2738,3411
2739,5114
2740,4103
2741,3309
2742,460
2743,624
2744,3556
2745,2092
2746,4942
2747,1952
2748,425
2749,2220
2750,1070
2751,1219
2752,1364
2753,2445
2754,5180
2755,1422
2756,2004
2757,3860
2758,3030
2759,534
2760,268
2761,3283
2762,1494
2763,7602
2764,1731
2765,7306
2766,6344
2767,1577
2768,592
2769,3021
2770,128
2771,3588
2772,2766
2773,2404
2774,1072
2775,5310
2776,3083
2777,5190
2778,4840
2779,7462
2780,77
2781,5293
2782,3861
2783,3519
2784,2448
2785,4911
2786,6333
2787,4880
2788,555
2789,7655
2790,2634
2791,1041
2792,2891
2793,5933
2794,3585
2795,813
2796,7491
2797,2324
2798,361
2799,5139
2800,5264
2801,5168
2802,380
2803,796
2804,4597
2805,4029
2806,5536
2807,5589
2808,5873
2809,264
2810,58
2811,792
2812,469
2813,2159
2814,2312
2815,5273
2816,7269
2817,1355
2818,3839
2819,4051
2820,3743
2821,7252
2822,2488
2823,5004
2824,7344
2825,1
2826,7052
2827,4606
2828,2391
2829,5636
2830,6277
2831,4451
2832,4217
2833,1272
2834,3326
2835,7227
2836,5624
2837,5472
2838,2658
2839,1269
2840,432
2841,6135
2842,1729
2843,644
2844,16
2845,7094
2846,1512
2847,6924
2848,1455
2849,6973
2850,7728
2851,3455
2852,5297
2853,1223
2854,92
2855,3770
2856,4523
2857,7613
2858,5793
2859,368
2860,2691
2861,7620
2862,4770
2863,7160
2864,1299
2865,7574
2866,6753
2867,3413
2868,6174
2869,1218
2870,4833
2871,3144
2872,1965
2873,7584
2874,2822
2875,6685
2876,2783
2877,7088
2878,411
2879,5200
2880,4693
2881,1296
2882,6503
2883,4578
2884,4005
2885,857
2886,6506
2887,3453
2888,3810
2889,4653
2890,7044
2891,1102
2892,2472
2893,2126
2894,4409
2895,4116
2896,1435
2897,3554
2898,4590
2899,3915
2900,5209
2901,3982
2902,6859
2903,5914
2904,5526
2905,3202
2906,4589
2907,7195
2908,4791
2909,295
2910,1170
2911,7442
2912,7634
2913,6437
2914,2547
2915,4943
2916,7118
2917,4489
2918,7591
2919,2110
2920,3890
2921,7606
2922,2688
2923,4630
2924,3430
2925,2566
2926,3936
2927,3426
2928,732
2929,736
2930,1785
2931,1209
2932,3604
2933,5081
2934,7295
2935,5844
2936,821
2937,4127
2938,4541
2939,3744
2940,5566
2941,37
2942,4886
2943,6637
2944,6954
2945,4315
2946,35
2947,837
2948,5401
2949,2338
2950,325
2951,3130
2952,7051
2953,3518
2954,3080
2955,6162
2956,4934
2957,1151
2958,4830
2959,6418
2960,2509
2961,174
2962,5700
2963,7182
2964,4385
2965,1537
2966,3349
2967,4602
2968,2325
2969,7509
2970,4461
2971,2057
2972,5621
2973,2208
2974,7142
2975,3872
2976,3473
2977,6806
2978,5981
2979,3589
2980,5042
2981,2773
2982,72
2983,4822
2984,6102
2985,5279
2986,2662
2987,4997
2988,4634
2989,71
2990,4479
2991,6029
2992,3895
2993,4302
2994,4731
2995,7312
2996,6555
2997,1989
2998,4411
2999,3783
3000,3571
3001,2707
3002,2735
3003,866
3004,4246
3005,2370
3006,960
3007,3300
3008,7746
3009,633
3010,2351
3011,1580
3012,5436
3013,2381
3014,3706
3015,4370
3016,7773
3017,2068
3018,4734
3019,5215
3020,4712
3021,6474
3022,5497
3023,1395
3024,6436
3025,5295
3026,134
3027,1843
3028,106
3029,2815
3030,5641
3031,2345
3032,5783
3033,6879
3034,6374
3035,2794
3036,6658
3037,6139
3038,1682
3039,5415
3040,2760
3041,7438
3042,4208
3043,1930
3044,731
3045,4437
3046,2917
3047,5048
3048,5994
3049,597
3050,2254
3051,4771
3052,4021
3053,5335
3054,5
3055,5672
3056,7140
3057,7106
3058,1524
3059,2665
3060,2158
3061,1858
3062,2798
3063,2668
3064,4624
3065,6207
3066,6122
3067,1637
3068,6653
3069,1823
3070,4178
3071,1876
3072,6560
3073,5893
3074,4717
3075,824
3076,3090
3077,3443
3078,4509
3079,7089
3080,5753
3081,4825
3082,693
3083,6297
3084,4580
3085,5879
3086,7041
3087,2377
3088,2681
3089,2337
3090,615
3091,487
3092,140
3093,4038
3094,6853
3095,7386
3096,38
3097,4974
3098,827
3099,142
3100,2575
3101,4064
3102,187
3103,2592
3104,3570
3105,2496
3106,2914
3107,6168
3108,5912
3109,3809
3110,1000
3111,2548
3112,1326
3113,2746
3114,1712
3115,3854
3116,2711
3117,7607
3118,2825
3119,2774
3120,3864
3121,1500
3122,3626
3123,5653
3124,2724
3125,1282
3126,3931
3127,6478
3128,5690
3129,3856
3130,5056
3131,1024
3132,113
3133,955
3134,5109
3135,3424
3136,4721
3137,6666
3138,3087
3139,6927
3140,3970
3141,4641
3142,1464
3143,2406
3144,3550
3145,703
3146,569
3147,1023
3148,6280
3149,5593
3150,2120
3151,4293
3152,3159
3153,6935
3154,7641
3155,6601
3156,2395
3157,383
3158,2833
3159,5485
3160,4066
3161,5303
3162,4311
3163,6451
3164,956
3165,5194
3166,6817
3167,787
3168,3535
3169,1103
3170,3381
3171,6423
3172,2616
3173,4502
3174,6266
3175,6709
3176,2623
3177,1381
3178,1078
3179,6849
3180,3488
3181,3476
3182,4921
3183,3097
3184,6833
3185,6365
3186,7309
3187,4885
3188,5005
3189,1646
3190,3345
3191,3802
3192,6886
3193,1349
3194,1462
3195,3121
3196,5022
3197,4753
3198,2574
3199,74
3200,6818
3201,1791
3202,3243
3203,6820
3204,2910
3205,4644
3206,1990
3207,1761
3208,2846
3209,1839
3210,6077
3211,1011
3212,7363
3213,1641
3214,6840
3215,976
3216,6861
3217,7611
3218,1701
3219,2726
3220,887
3221,1286
3222,797
3223,6575
3224,5126
3225,6768
3226,3917
3227,7197
3228,2100
3229,65
3230,3109
3231,2716
3232,3734
3233,843
3234,7532
3235,5886
3236,1707
3237,3194
3238,5985
3239,7402
3240,3979
3241,3377
3242,7237
3243,1547
3244,2852
3245,704
3246,1002
3247,609
3248,936
3249,4889
3250,2660
3251,5074
3252,1928
3253,3765
3254,7694
3255,2429
3256,7459
3257,2984
3258,2860
3259,5268
3260,4542
3261,6710
3262,7010
3263,7444
3264,4318
3265,6496
3266,4197
3267,4936
3268,494
3269,6209
3270,1581
3271,1447
3272,6089
3273,6838
3274,7129
3275,1967
3276,3328
3277,4324
3278,1606
3279,7119
3280,2071
3281,160
3282,4432
3283,6641
3284,3456
3285,3105
3286,7248
3287,587
3288,5531
3289,2556
3290,251
3291,6807
3292,6707
3293,6703
3294,5768
3295,3417
3296,687
3297,2569
3298,398
3299,3966
3300,5825
3301,3051
3302,365
3303,6472
3304,1121
3305,6597
3306,2499
3307,4953
3308,829
3309,7265
3310,734
3311,3624
3312,7111
3313,4230
3314,4636
3315,91
3316,2844
3317,954
3318,6279
3319,259
3320,2023
3321,3078
3322,439
3323,324
3324,7330
3325,4059
3326,807
3327,3248
3328,6007
3329,2672
3330,536
3331,2585
3332,5556
3333,3482
3334,1899
3335,3320
3336,2369
3337,3757
3338,6958
3339,2317
3340,5851
3341,6125
3342,3333
3343,7673
3344,1264
3345,5204
3346,3635
3347,1289
3348,4015
3349,5613
3350,481
3351,5614
3352,1243
3353,6948
3354,6573
3355,3075
3356,6335
3357,6153
3358,2805
3359,1821
3360,1178
3361,7327
3362,5158
3363,1764
3364,378
3365,3578
3366,7590
3367,6842
3368,856
3369,5731
3370,6841
3371,5137
3372,4198
3373,4405
3374,222
3375,4893
3376,4694
3377,4658
3378,990
3379,6543
3380,789
3381,4926
3382,7123
3383,1486
3384,3469
3385,6680
3386,6684
3387,6203
3388,6222
3389,6318
3390,5389
3391,3602
3392,2737
3393,3225
3394,5405
3395,652
3396,5608
3397,1881
3398,2362
3399,2609
3400,1124
3401,1834
3402,3788
3403,4196
3404,4399
3405,7762
3406,3136
3407,511
3408,1929
3409,4452
3410,2930
3411,5585
3412,1631
3413,1221
3414,1097
3415,2167
3416,2620
3417,4456
3418,3968
3419,1443
3420,5339
3421,4477
3422,5519
3423,6189
3424,3527
3425,4482
3426,1311
3427,2293
3428,5259
3429,4228
3430,4670
3431,1527
3432,343
3433,5548
3434,1029
3435,5688
3436,6228
3437,5674
3438,2215
3439,4572
3440,1499
3441,6556
3442,5221
3443,2950
3444,7585
3445,2834
3446,3452
3447,7485
3448,2771
3449,6852
3450,147
3451,4618
3452,5061
3453,759
3454,4710
3455,3199
3456,3726
3457,2087
3458,1564
3459,336
3460,3534
3461,2368
3462,3811
3463,5634
3464,52
3465,5288
3466,5448
3467,5667
3468,6642
3469,5520
3470,1026
3471,1993
3472,7341
3473,1947
3474,6880
3475,7573
3476,2564
3477,7675
3478,7731
3479,1257
3480,2311
3481,7726
3482,6067
3483,999
3484,190
3485,2374
3486,6464
3487,2231
3488,1308
3489,543
3490,386
3491,6534
3492,4342
3493,2687
3494,102
3495,3555
3496,4852
3497,7202
3498,3378
3499,7372
3500,850
3501,2900
3502,7361
3503,6668
3504,3530
3505,253
3506,7597
3507,565
3508,870
3509,2267
3510,6186
3511,706
3512,3921
3513,7409
3514,1755
3515,5639
3516,2673
3517,2178
3518,6022
3519,2970
3520,724
3521,4319
3522,3894
3523,2061
3524,269
3525,3460
3526,6087
3527,5998
3528,3247
3529,306
3530,4870
3531,1312
3532,7038
3533,7218
3534,4922
3535,2409
3536,6395
3537,6552
3538,5077
3539,7475
3540,2721
3541,7521
3542,7555
3543,594
3544,5780
3545,3978
3546,7304
3547,7030
3548,6517
3549,1075
3550,5678
3551,726
3552,949
3553,6550
3554,1732
3555,4243
3556,5320
3557,5377
3558,5796
3559,4190
3560,1803
3561,7116
3562,2114
3563,4097
3564,1601
3565,2514
3566,5697
3567,2538
3568,4655
3569,2252
3570,7672
3571,1831
3572,600
3573,2132
3574,915
3575,961
3576,5241
3577,1893
3578,3398
3579,1931
3580,2084
3581,6620
3582,4170
3583,159
3584,975
3585,6116
3586,2086
3587,5346
3588,7078
3589,2535
3590,4081
3591,6193
3592,2094
3593,1879
3594,5649
3595,5070
3596,6386
3597,7686
3598,5743
3599,2144
3600,747
3601,6919
3602,3302
3603,5891
3604,4915
3605,2286
3606,2431
3607,7733
3608,3939
3609,3459
3610,6072
3611,1594
3612,3753
3613,3988
3614,749
3615,3120
3616,5399
3617,6729
3618,2091
3619,3148
3620,4305
3621,1336
3622,1433
3623,799
3624,3281
3625,4555
3626,2322
3627,522
3628,553
3629,6443
3630,4890
3631,5058
3632,5993
3633,4718
3634,2250
3635,280
3636,2666
3637,2211
3638,1482
3639,4863
3640,1649
3641,1167
3642,3204
3643,4226
3644,1625
3645,1173
3646,2755
3647,1673
3648,6523
3649,7207
3650,3705
3651,628
3652,7554
3653,148
3654,981
3655,7329
3656,973
3657,6417
3658,775
3659,3464
3660,7390
3661,7016
3662,4383
3663,5049
3664,1250
3665,5117
3666,467
3667,6606
3668,2920
3669,595
3670,5478
3671,3185
3672,728
3673,6170
3674,4355
3675,6319
3676,4497
3677,932
3678,4521
3679,671
3680,2052
3681,141
3682,6748
3683,5157
3684,3574
3685,166
3686,3119
3687,7452
3688,2415
3689,3834
3690,6953
3691,3329
3692,819
3693,4869
3694,4750
3695,877
3696,1867
3697,202
3698,2290
3699,76
3700,4291
3701,1292
3702,6389
3703,1457
3704,2109
3705,4513
3706,5051
3707,1051
3708,5919
3709,3418
3710,7101
3711,7495
3712,2842
3713,330
3714,1159
3715,7605
3716,4438
3717,2067
3718,5437
3719,6893
3720,2283
3721,2651
3722,7009
3723,3307
3724,5202
3725,388
3726,7771
3727,4273
3728,2929
3729,757
3730,519
3731,5542
3732,6445
3733,2944
3734,6609
3735,7058
3736,4761
3737,7734
3738,2728
3739,6264
3740,1240
3741,5426
3742,2062
3743,5369
3744,6706
3745,944
3746,1249
3747,4244
3748,3045
3749,4818
3750,1279
3751,926
3752,1360
3753,2063
3754,221
3755,593
3756,3022
3757,151
3758,5847
3759,680
3760,372
3761,59
3762,2506
3763,1862
3764,7079
3765,6320
3766,2247
3767,3433
3768,3557
3769,5505
3770,4674
3771,958
3772,7660
3773,3448
3774,5262
3775,6315
3776,2168
3777,5314
3778,4665
3779,2573
3780,6975
3781,5306
3782,5771
3783,2009
3784,3863
3785,5104
3786,6201
3787,7007
3788,5122
3789,3963
3790,4783
3791,6711
3792,5769
3793,2913
3794,620
3795,2447
3796,2494
3797,2733
3798,1048
3799,5817
3800,1869
3801,7553
3802,4329
3803,5876
3804,1137
3805,1865
3806,1687
3807,4903
3808,132
3809,4020
3810,5023
3811,5041
3812,6678
3813,7028
3814,3276
3815,1670
3816,5044
3817,3508
3818,5351
3819,2652
3820,1882
3821,7463
3822,2649
3823,485
3824,1968
3825,2946
3826,4892
3827,1788
3828,5911
3829,6505
3830,5521
3831,4979
3832,1805
3833,7430
3834,6339
3835,2624
3836,6458
3837,3066
3838,1392
3839,5500
3840,7367
3841,2964
3842,3900
3843,1405
3844,5837
3845,2207
3846,5063
3847,2589
3848,596
3849,5439
3850,2209
3851,79
3852,3389
3853,7293
3854,3348
3855,281
3856,4518
3857,6844
3858,4158
3859,7665
3860,3291
3861,6702
3862,3820
3863,4104
3864,2859
3865,4984
3866,2102
3867,6020
3868,7095
3869,2868
3870,2319
3871,3715
3872,310
3873,4573
3874,1214
3875,4565
3876,2441
3877,1276
3878,7432
3879,3012
3880,3260
3881,3113
3882,1744
3883,1474
3884,401
3885,6846
3886,1333
3887,412
3888,5654
3889,3882
3890,1085
3891,6270
3892,1397
3893,1428
3894,2105
3895,7636
3896,2365
3897,3651
3898,6334
3899,3465
3900,1959
3901,5331
3902,7772
3903,2790
3904,3033
3905,4945
3906,5468
3907,1204
3908,6391
3909,1632
3910,7281
3911,1427
3912,1680
3913,2922
3914,6634
3915,6195
3916,1569
3917,4677
3918,111
3919,5511
3920,7753
3921,1251
3922,822
3923,4622
3924,3857
3925,2532
3926,4994
3927,125
3928,1139
3929,3235
3930,342
3931,1423
3932,5380
3933,6541
3934,1222
3935,3065
3936,3449
3937,1217
3938,4200
3939,7299
3940,5901
3941,2686
3942,1852
3943,1605
3944,1266
3945,42
3946,2482
3947,7436
3948,4529
3949,1824
3950,2218
3951,4346
3952,5342
3953,5830
3954,2085
3955,7091
3956,1549
3957,1674
3958,1199
3959,4561
3960,1396
3961,3876
3962,6119
3963,1794
3964,5106
3965,2465
3966,4623
3967,970
3968,2699
3969,6512
3970,2480
3971,3267
3972,7569
3973,1125
3974,129
3975,7497
3976,3181
3977,2871
3978,3446
3979,3020
3980,1134
3981,7568
3982,1033
3983,7371
3984,5799
3985,7679
3986,1944
3987,3836
3988,5390
3989,7117
3990,6574
3991,3124
3992,3663
3993,1623
3994,3290
3995,3114
3996,6855
3997,6088
3998,3829
3999,3284
4000,5098
4001,1181
4002,5762
4003,1344
4004,4280
4005,1934
4006,556
4007,4106
4008,6225
4009,4743
4010,7454
4011,695
4012,3442
4013,653
4014,49
4015,2599
4016,5865
4017,3750
4018,1077
4019,100
4020,688
4021,4401
4022,2648
4023,5603
4024,2557
4025,88
4026,3366
4027,2997
4028,1984
4029,3354
4030,3877
4031,2476
4032,659
4033,986
4034,6582
4035,5003
4036,183
4037,6905
4038,6714
4039,5680
4040,5835
4041,1775
4042,218
4043,4735
4044,3956
4045,3286
4046,4175
4047,1815
4048,5571
4049,322
4050,4216
4051,243
4052,4282
4053,7615
4054,4788
4055,5037
4056,1676
4057,1291
4058,4147
4059,6824
4060,2198
4061,3268
4062,854
4063,355
4064,1141
4065,3427
4066,231
4067,2124
4068,3632
4069,3252
4070,1267
4071,5324
4072,715
4073,5564
4074,2676
4075,7519
4076,431
4077,3616
4078,7049
4079,4679
4080,3082
4081,5962
4082,3405
4083,2058
4084,1058
4085,7455
4086,2140
4087,995
4088,5254
4089,3926
4090,4684
4091,6839
4092,2931
4093,6124
4094,4248
4095,3321
4096,613
4097,6970
4098,4155
4099,3365
4100,5349
4101,6200
4102,2633
4103,7170
4104,3434
4105,7427
4106,1315
4107,1156
4108,3730
4109,3740
4110,7072
4111,7080
4112,6353
4113,4331
4114,3874
4115,3475
4116,6544
4117,1884
4118,1997
4119,6316
4120,1452
4121,4711
4122,4816
4123,4010
4124,5852
4125,1470
4126,29
4127,6114
4128,4129
4129,4288
4130,4756
4131,1330
4132,4896
4133,5378
4134,318
4135,5620
4136,1711
4137,6465
4138,2863
4139,6074
4140,1548
4141,7408
4142,7126
4143,4992
4144,767
4145,935
4146,5322
4147,4944
4148,430
4149,4412
4150,1242
4151,5090
4152,4090
4153,7654
4154,5084
4155,6932
4156,1855
4157,6708
4158,7622
4159,2015
4160,2430
4161,5127
4162,6469
4163,6785
4164,2638
4165,2600
4166,5923
4167,1583
4168,5842
4169,3487
4170,7645
4171,4362
4172,6348
4173,1521
4174,4009
4175,475
4176,1201
4177,512
4178,5197
4179,2717
4180,2341
4181,75
4182,6598
4183,2302
4184,2873
4185,1356
4186,4592
4187,5808
4188,7064
4189,7266
4190,4567
4191,7595
4192,4251
4193,1509
4194,3107
4195,2849
4196,1534
4197,7737
4198,1681
4199,4448
4200,802
4201,5565
4202,4778
4203,6470
4204,4223
4205,2323
4206,1948
4207,2066
4208,660
4209,1878
4210,5278
4211,7639
4212,456
4213,2571
4214,5838
4215,1546
4216,2513
4217,1385
4218,5039
4219,2754
4220,1202
4221,1434
4222,4837
4223,359
4224,7216
4225,5821
4226,4506
4227,3017
4228,4036
4229,6370
4230,4428
4231,4047
4232,5287
4233,4638
4234,7515
4235,1692
4236,2303
4237,6782
4238,3279
4239,3237
4240,5397
4241,3134
4242,1096
4243,3167
4244,4510
4245,1912
4246,5430
4247,5529
4248,3993
4249,5006
4250,4218
4251,6296
4252,3499
4253,2749
4254,2641
4255,2780
4256,1117
4257,1098
4258,834
4259,1806
4260,4365
4261,4262
4262,4294
4263,1715
4264,4548
4265,6329
4266,6080
4267,4969
4268,1924
4269,6063
4270,3342
4271,1927
4272,4360
4273,5300
4274,4887
4275,3003
4276,7741
4277,6727
4278,1161
4279,6821
4280,1604
4281,3778
4282,1290
4283,2169
4284,2221
4285,461
4286,3812
4287,4527
4288,2701
4289,2002
4290,3311
4291,2882
4292,571
4293,7659
4294,5175
4295,1950
4296,2070
4297,2307
4298,6194
4299,5803
4300,403
4301,429
4302,7147
4303,3889
4304,7697
4305,4392
4306,1345
4307,199
4308,1186
4309,4381
4310,3981
4311,213
4312,5196
4313,2526
4314,2426
4315,1902
4316,4635
4317,4583
4318,3231
4319,5358
4320,1288
4321,5937
4322,6259
4323,3662
4324,1284
4325,2416
4326,5046
4327,4284
4328,1458
4329,3529
4330,2396
4331,2439
4332,6527
4333,5576
4334,3394
4335,5721
4336,6023
4337,2149
4338,6629
4339,5790
4340,7006
4341,5827
4342,876
4343,2786
4344,477
4345,4917
4346,1275
4347,2659
4348,2189
4349,2141
4350,5570
4351,3257
4352,6773
4353,1556
4354,7392
4355,5328
4356,3390
4357,2449
4358,4998
4359,6101
4360,2639
4361,7359
4362,7720
4363,6801
4364,2334
4365,3110
4366,6733
4367,7426
4368,7527
4369,3671
4370,5956
4371,5853
4372,1007
4373,2678
4374,978
4375,1653
4376,7707
4377,5455
4378,2655
4379,3597
4380,3620
4381,709
4382,5304
4383,3688
4384,7651
4385,6830
4386,7301
4387,7025
4388,6511
4389,7761
4390,6522
4391,337
4392,7191
4393,4746
4394,48
4395,3478
4396,1721
4397,1742
4398,6306
4399,2596
4400,2491
4401,6175
4402,6251
4403,3467
4404,6042
4405,3445
4406,5503
4407,6968
4408,7397
4409,5685
4410,2372
4411,5718
4412,6058
4413,6603
4414,1613
4415,7018
4416,5418
4417,1188
4418,2050
4419,1914
4420,532
4421,6906
4422,1371
4423,6214
4424,2591
4425,5927
4426,6593
4427,3826
4428,2558
4429,7228
4430,3355
4431,6040
4432,2969
4433,4000
4434,7262
4435,6986
4436,1018
4437,3507
4438,2437
4439,4124
4440,1920
4441,1310
4442,3852
4443,3439
4444,6321
4445,6944
4446,6698
4447,924
4448,7034
4449,5631
4450,7566
4451,6576
4452,7688
4453,2767
4454,1347
4455,6484
4456,6936
4457,6584
4458,3865
4459,1700
4460,177
4461,4330
4462,2738
4463,6624
4464,1415
4465,6638
4466,1416
4467,6171
4468,480
4469,2
4470,5236
4471,6261
4472,4959
4473,6899
4474,1941
4475,3848
4476,4697
4477,3640
4478,586
4479,393
4480,5702
4481,6126
4482,7199
4483,2229
4484,3436
4485,228
4486,5943
4487,7141
4488,2343
4489,4910
4490,2765
4491,1835
4492,705
4493,3549
4494,434
4495,5383
4496,716
4497,7258
4498,1158
4499,6901
4500,7081
4501,7559
4502,1383
4503,7441
4504,1645
4505,4935
4506,1832
4507,2331
4508,7549
4509,563
4510,3995
4511,5408
4512,6054
4513,6460
4514,3725
4515,888
4516,7684
4517,5965
4518,5374
4519,7716
4520,2458
4521,5623
4522,5609
4523,4060
4524,1526
4525,1155
4526,3457
4527,4203
4528,1801
4529,2937
4530,6925
4531,3905
4532,7724
4533,5091
4534,6178
4535,6438
4536,3351
4537,5447
4538,2627
4539,5360
4540,32
4541,3990
4542,5717
4543,3655
4544,6592
4545,4126
4546,820
4547,198
4548,7136
4549,2401
4550,7073
4551,582
4552,2801
4553,2752
4554,6184
4555,169
4556,7328
4557,3622
4558,2419
4559,1539
4560,1215
4561,5819
4562,6036
4563,4404
4564,2424
4565,631
4566,859
4567,6756
4568,3429
4569,5983
4570,404
4571,3472
4572,3208
4573,7512
4574,1092
4575,4952
4576,7318
4577,4845
4578,4179
4579,2034
4580,2335
4581,3850
4582,5751
4583,6237
4584,4396
4585,1459
4586,2162
4587,768
4588,4860
4589,112
4590,3950
4591,5251
4592,376
4593,4553
4594,1585
4595,5079
4596,5479
4597,3551
4598,638
4599,4443
4600,1754
4601,1624
4602,7633
4603,7725
4604,5210
4605,5507
4606,6784
4607,7324
4608,3805
4609,6410
4610,3000
4611,4322
4612,5088
4613,1938
4614,1963
4615,3171
4616,2675
4617,452
4618,2427
4619,6655
4620,2848
4621,5155
4622,3912
4623,373
4624,5982
4625,3723
4626,483
4627,5338
4628,1093
4629,3658
4630,6109
4631,5547
4632,370
4633,4627
4634,1363
4635,414
4636,2046
4637,4758
4638,662
4639,7033
4640,409
4641,5977
4642,5595
4643,422
4644,4987
4645,262
4646,2153
4647,1535
4648,4999
4649,3683
4650,3702
4651,4967
4652,4930
4653,1942
4654,6307
4655,6787
4656,6311
4657,413
4658,4512
4659,7130
4660,279
4661,5130
4662,524
4663,4784
4664,2972
4665,7411
4666,1890
4667,828
4668,6900
4669,5922
4670,4982
4671,4091
4672,1091
4673,1743
4674,2857
4675,1197
4676,6328
4677,4832
4678,5750
4679,7300
4680,3085
4681,573
4682,5274
4683,5811
4684,3341
4685,3724
4686,4961
4687,6424
4688,3531
4689,7457
4690,3727
4691,4531
4692,1726
4693,3885
4694,3590
4695,3450
4696,1750
4697,4332
4698,1762
4699,5671
4700,2989
4701,168
4702,5869
4703,2025
4704,875
4705,6057
4706,3220
4707,6388
4708,6646
4709,6078
4710,1176
4711,2924
4712,6476
4713,7219
4714,770
4715,2741
4716,2001
4717,621
4718,371
4719,3491
4720,1935
4721,1868
4722,4393
4723,5312
4724,3951
4725,878
4726,4637
4727,2260
4728,2093
4729,6545
4730,6933
4731,6405
4732,3266
4733,220
4734,4470
4735,7510
4736,7489
4737,4444
4738,4177
4739,5786
4740,6915
4741,5376
4742,4241
4743,5782
4744,1017
4745,1719
4746,4814
4747,4222
4748,884
4749,3388
4750,6716
4751,5011
4752,6501
4753,5944
4754,5513
4755,6364
4756,4138
4757,5238
4758,3226
4759,4858
4760,5010
4761,6957
4762,2851
4763,2333
4764,1037
4765,6871
4766,3492
4767,2807
4768,5618
4769,1138
4770,719
4771,3913
4772,317
4773,5758
4774,2904
4775,6352
4776,66
4777,3937
4778,4027
4779,4427
4780,39
4781,4016
4782,4239
4783,6110
4784,7681
4785,4861
4786,1287
4787,1149
4788,7616
4789,3961
4790,3193
4791,5528
4792,146
4793,6835
4794,3849
4795,560
4796,3289
4797,7357
4798,743
4799,6098
4800,3039
4801,3387
4802,1040
4803,4275
4804,6877
4805,681
4806,6608
4807,3927
4808,5172
4809,1802
4810,1252
4811,394
4812,6719
4813,5286
4814,12
4815,2287
4816,7108
4817,78
4818,3897
4819,590
4820,2927
4821,7632
4822,5592
4823,4552
4824,4574
4825,5420
4826,7120
4827,4076
4828,7155
4829,2298
4830,5745
4831,7589
4832,674
4833,2041
4834,1089
4835,164
4836,3162
4837,1560
4838,901
4839,610
4840,6198
4841,5007
4842,1190
4843,5309
4844,938
4845,2019
4846,2632
4847,842
4848,7465
4849,5050
4850,3141
4851,4467
4852,4343
4853,7027
4854,7520
4855,1853
4856,6731
4857,4616
4858,568
4859,7587
4860,4259
4861,7133
4862,316
4863,1442
4864,5465
4865,5118
4866,3609
4867,3591
4868,4298
4869,6676
4870,4611
4871,4035
4872,2967
4873,1487
4874,7412
4875,4508
4876,7066
4877,3673
4878,3763
4879,909
4880,1298
4881,3971
4882,3462
4883,83
4884,4505
4885,7158
4886,4263
4887,2518
4888,116
4889,4139
4890,2081
4891,3692
4892,922
4893,2460
4894,3495
4895,3899
4896,4798
4897,6754
4898,5382
4899,5321
4900,1958
4901,4087
4902,4633
4903,4374
4904,697
4905,441
4906,6765
4907,6579
4908,1039
4909,864
4910,5726
4911,5945
4912,2583
4913,3368
4914,2619
4915,1536
4916,2350
4917,1431
4918,4074
4919,951
4920,3122
4921,1986
4922,6453
4923,862
4924,7115
4925,7461
4926,7537
4927,4413
4928,535
4929,872
4930,3146
4931,5071
4932,1518
4933,3637
4934,5182
4935,55
4936,6950
4937,7249
4938,7319
4939,5165
4940,2119
4941,5644
4942,1489
4943,5661
4944,4193
4945,5045
4946,4384
4947,2770
4948,7015
4949,4856
4950,5498
4951,3188
4952,6414
4953,7451
4954,3542
4955,433
4956,6636
4957,4052
4958,2487
4959,801
4960,4714
4961,6687
4962,4279
4963,3696
4964,4846
4965,830
4966,4485
4967,2408
4968,396
4969,7669
4970,3222
4971,3756
4972,7165
4973,1414
4974,3431
4975,1475
4976,7241
4977,6030
4978,7168
4979,288
4980,1856
4981,5959
4982,3505
4983,1293
4984,2723
4985,6147
4986,3339
4987,7261
4988,1210
4989,4560
4990,1722
4991,5135
4992,7667
4993,4874
4994,3768
4995,3014
4996,3198
4997,4084
4998,4252
4999,6156
5000,5280
5001,6286
5002,4813
5003,5816
5004,5151
5005,7370
5006,2827
5007,7190
5008,47
5009,7362
5010,4334
5011,2995
5012,4766
5013,1253
5014,5183
5015,4682
5016,7424
5017,3853
5018,7695
5019,158
5020,3649
5021,1980
5022,6739
5023,4118
5024,7350
5025,2000
5026,2994
5027,7648
5028,1891
5029,4212
5030,2554
5031,3606
5032,7222
5033,1438
5034,6697
5035,2552
5036,7504
5037,2935
5038,6094
5039,438
5040,6651
5041,5577
5042,658
5043,3819
5044,2346
5045,1620
5046,7640
5047,2690
5048,1804
5049,1071
5050,3851
5051,6920
5052,5899
5053,4102
5054,7145
5055,2226
5056,4297
5057,1590
5058,5414
5059,4423
5060,5433
5061,1525
5062,5014
5063,5703
5064,2560
5065,2629
5066,1294
5067,4656
5068,5550
5069,4587
5070,776
5071,7756
5072,6396
5073,193
5074,6082
5075,5488
5076,5607
5077,6518
5078,2551
5079,2703
5080,5925
5081,7460
5082,3608
5083,3678
5084,6911
5085,51
5086,4849
5087,979
5088,5779
5089,4919
5090,4496
5091,3454
5092,2500
5093,7273
5094,3710
5095,6429
5096,5775
5097,6971
5098,2630
5099,2361
5100,4764
5101,6487
5102,4093
5103,766
5104,1644
5105,4562
5106,5412
5107,5198
5108,4526
5109,6467
5110,5926
5111,7083
5112,5626
5113,5932
5114,4271
5115,3255
5116,6613
5117,2533
5118,2027
5119,1979
5120,4426
5121,5093
5122,6037
5123,5065
5124,1135
5125,1061
5126,3111
5127,6858
5128,2241
5129,3670
5130,4873
5131,5948
5132,7506
5133,3340
5134,1658
5135,1245
5136,4563
5137,3028
5138,1936
5139,781
5140,2073
5141,2544
5142,6398
5143,1751
5144,4681
5145,4802
5146,1229
5147,1044
5148,816
5149,4439
5150,6862
5151,6367
5152,2042
5153,5984
5154,1523
5155,895
5156,4536
5157,3086
5158,3798
5159,2892
5160,5429
5161,2115
5162,785
5163,5831
5164,7355
5165,6298
5166,6041
5167,6375
5168,4591
5169,6236
5170,3648
5171,5176
5172,4149
5173,889
5174,7303
5175,1706
5176,229
5177,4932
5178,4688
5179,3984
5180,97
5181,3967
5182,7124
5183,2861
5184,6811
5185,155
5186,7763
5187,1407
5188,2784
5189,6514
5190,6457
5191,1962
5192,4582
5193,7576
5194,7482
5195,855
5196,1413
5197,1685
5198,2645
5199,1654
5200,1668
5201,3363
5202,1321
5203,2576
5204,492
5205,6513
5206,4107
5207,4894
5208,6701
5209,4755
5210,1456
5211,4378
5212,6965
5213,248
5214,5017
5215,5694
5216,6964
5217,984
5218,1759
5219,6814
5220,7085
5221,6767
5222,5755
5223,6847
5224,1575
5225,1728
5226,5226
5227,5938
5228,4857
5229,7413
5230,7017
5231,3833
5232,1909
5233,7352
5234,5951
5235,4348
5236,5213
5237,6937
5238,5820
5239,2947
5240,5298
5241,320
5242,6138
5243,4131
5244,4821
5245,3973
5246,7666
5247,6403
5248,1966
5249,1263
5250,1111
5251,1165
5252,7099
5253,2356
5254,2856
5255,7042
5256,744
5257,3163
5258,1150
5259,2587
5260,1772
5261,1630
5262,1842
5263,5952
5264,7383
5265,2980
5266,7476
5267,6444
5268,137
5269,3562
5270,4379
5271,5281
5272,4420
5273,3522
5274,4650
5275,6372
5276,5905
5277,41
5278,1374
5279,2885
5280,7162
5281,3038
5282,3684
5283,3837
5284,2051
5285,2837
5286,3186
5287,1896
5288,6907
5289,7302
5290,6810
5291,349
5292,476
5293,6633
5294,2236
5295,5116
5296,6930
5297,2811
5298,2850
5299,6015
5300,5363
5301,3089
5302,3325
5303,6283
5304,1053
5305,1378
5306,2080
5307,1335
5308,3509
5309,27
5310,6059
5311,6605
5312,5292
5313,5832
5314,3679
5315,2376
5316,7334
5317,7131
5318,4237
5319,7502
5320,6491
5321,6674
5322,3898
5323,7210
5324,1705
5325,6446
5326,7003
5327,6741
5328,5882
5329,4575
5330,1196
5331,6744
5332,1262
5333,2242
5334,1200
5335,1307
5336,672
5337,4925
5338,4960
5339,7732
5340,5738
5341,2942
5342,3295
5343,4769
5344,7107
5345,267
5346,6038
5347,1777
5348,4024
5349,5270
5350,2216
5351,645
5352,6941
5353,5052
5354,5616
5355,6081
5356,3100
5357,717
5358,2123
5359,6946
5360,3855
5361,4854
5362,7514
5363,893
5364,6625
5365,6021
5366,161
5367,2251
5368,7177
5369,4676
5370,591
5371,1379
5372,1052
5373,3676
5374,24
5375,1164
5376,4607
5377,627
5378,741
5379,1973
5380,6956
5381,6521
5382,5668
5383,4517
5384,639
5385,5978
5386,3477
5387,3561
5388,2732
5389,7286
5390,1108
5391,3046
5392,6868
5393,2744
5394,4376
5395,2602
5396,188
5397,3184
5398,2978
5399,7061
5400,4782
5401,1638
5402,4460
5403,735
5404,6619
5405,7508
5406,2747
5407,4966
5408,227
5409,4683
5410,5031
5411,3322
5412,385
5413,4191
5414,5860
5415,2467
5416,774
5417,7134
5418,6480
5419,107
5420,6061
5421,2772
5422,1143
5423,7534
5424,6105
5425,5062
5426,2663
5427,3070
5428,4040
5429,7765
5430,4316
5431,754
5432,2782
5433,4608
5434,7059
5435,4680
5436,7205
5437,3838
5438,3393
5439,94
5440,1845
5441,4975
5442,2145
5443,4421
5444,6742
5445,4862
5446,6570
5447,4586
5448,5492
5449,5669
5450,5422
5451,4494
5452,1274
5453,1582
5454,3409
5455,108
5456,2118
5457,2899
5458,2697
5459,4668
5460,2858
5461,5975
5462,82
5463,6482
5464,7382
5465,670
5466,885
5467,3160
5468,3694
5469,2938
5470,4454
5471,115
5472,2776
5473,6631
5474,3754
5475,2139
5476,4225
5477,4929
5478,7242
5479,1798
5480,1195
5481,4181
5482,7429
5483,3601
5484,119
5485,2524
5486,805
5487,3056
5488,6770
5489,2982
5490,833
5491,2433
5492,1588
5493,6657
5494,6508
5495,5326
5496,4268
5497,4231
5498,5867
5499,4947
5500,1246
5501,4450
5502,4877
5503,5966
5504,5337
5505,3689
5506,6929
5507,6594
5508,2979
5509,5025
5510,2151
5511,2088
5512,7175
5513,2418
5514,4171
5515,2107
5516,272
5517,2948
5518,2542
5519,3672
5520,6385
5521,1880
5522,3317
5523,7649
5524,5030
5525,2305
5526,7221
5527,1001
5528,4202
5529,2787
5530,4551
5531,5466
5532,1203
5533,3731
5534,1490
5535,6454
5536,6130
5537,1621
5538,7661
5539,4419
5540,5393
5541,1306
5542,126
5543,5277
5544,5252
5545,3009
5546,7278
5547,7022
5548,6387
5549,2269
5550,3263
5551,5889
5552,6912
5553,996
5554,1391
5555,4314
5556,651
5557,6721
5558,2952
5559,1325
5560,1847
5561,6997
5562,2248
5563,2692
5564,1193
5565,1491
5566,2960
5567,4055
5568,4793
5569,3933
5570,5574
5571,1417
5572,6554
5573,758
5574,1232
5575,4440
5576,4300
5577,5670
5578,771
5579,1940
5580,449
5581,175
5582,2078
5583,3025
5584,390
5585,1101
5586,4120
5587,6356
5588,4941
5589,3271
5590,6693
5591,5950
5592,2562
5593,1718
5594,2392
5595,832
5596,2304
5597,7578
5598,5388
5599,6654
5600,153
5601,6182
5602,4609
5603,348
5604,6490
5605,205
5606,1822
5607,918
5608,2606
5609,1496
5610,6243
5611,6738
5612,3742
5613,4159
5614,3214
5615,858
5616,6350
5617,6205
5618,363
5619,5487
5620,7104
5621,589
5622,266
5623,945
5624,3304
5625,1888
5626,5747
5627,2029
5628,314
5629,2265
5630,2257
5631,1559
5632,3786
5633,5404
5634,5463
5635,7213
5636,5617
5637,5788
5638,539
5639,6836
5640,3209
5641,420
5642,7181
5643,6610
5644,3932
5645,5313
5646,4390
5647,304
5648,1910
5649,1827
5650,891
5651,5443
5652,2375
5653,993
5654,1054
5655,1129
5656,5348
5657,4012
5658,1337
5659,5160
5660,1046
5661,7540
5662,675
5663,216
5664,3989
5665,7337
5666,4678
5667,4799
5668,1628
5669,1088
5670,7351
5671,3410
5672,1238
5673,2864
5674,5812
5675,5532
5676,5643
5677,1502
5678,4165
5679,6960
5680,6981
5681,5372
5682,5866
5683,392
5684,4264
5685,5199
5686,2410
5687,6431
5688,6066
5689,3372
5690,5356
5691,3068
5692,5997
5693,2965
5694,2622
5695,6974
5696,6305
5697,6542
5698,239
5699,3952
5700,5103
5701,4598
5702,3511
5703,4100
5704,200
5705,5846
5706,2481
5707,783
5708,4377
5709,4495
5710,2847
5711,1558
5712,7067
5713,3357
5714,786
5715,1062
5716,5659
5717,6588
5718,3031
5719,7624
5720,4754
5721,6164
5722,1369
5723,5960
5724,99
5725,3218
5726,5357
5727,1515
5728,3573
5729,4964
5730,4695
5731,5195
5732,7395
5733,4337
5734,3832
5735,2315
5736,4900
5737,4962
5738,2464
5739,6928
5740,7496
5741,3077
5742,7121
5743,6966
5744,7422
5745,2594
5746,1362
5747,1063
5748,2003
5749,5540
5750,5675
5751,7487
5752,167
5753,5502
5754,7001
5755,4554
5756,4881
5757,5902
5758,2682
5759,5601
5760,5391
5761,5013
5762,5988
5763,4069
5764,2268
5765,925
5766,3911
5767,6290
5768,30
5769,5648
5770,5350
5771,525
5772,6196
5773,5234
5774,5681
5775,7493
5776,3521
5777,5553
5778,4579
5779,7575
5780,7020
5781,1792
5782,7045
5783,7710
5784,5757
5785,2184
5786,6704
5787,4780
5788,3138
5789,3841
5790,3816
5791,3704
5792,2383
5793,7184
5794,5476
5795,6558
5796,7428
5797,6547
5798,7690
5799,6255
5800,1003
5801,1175
5802,2170
5803,1716
5804,7730
5805,7008
5806,298
5807,6656
5808,3681
5809,3540
5810,4594
5811,1411
5812,4265
5813,421
5814,3384
5815,5863
5816,6140
5817,384
5818,1115
5819,507
5820,5818
5821,7535
5822,26
5823,5909
5824,6735
5825,2103
5826,1180
5827,2654
5828,953
5829,1032
5830,1177
5831,5359
5832,5308
5833,3957
5834,1550
5835,2490
5836,7206
5837,4864
5838,1760
5839,2695
5840,7156
5841,135
5842,4786
5843,5754
5844,4954
5845,7698
5846,3844
5847,873
5848,3794
5849,3016
5850,354
5851,2451
5852,447
5853,7464
5854,3866
5855,2764
5856,5219
5857,7339
5858,7236
5859,1648
5860,6263
5861,1922
5862,5481
5863,7314
5864,3708
5865,3157
5866,2712
5867,3277
5868,6577
5869,289
5870,2955
5871,4442
5872,7287
5873,3600
5874,6440
5875,3358
5876,1393
5877,737
5878,2907
5879,2973
5880,916
5881,3884
5882,2911
5883,5092
5884,5083
5885,1567
5886,5059
5887,5237
5888,4815
5889,6090
5890,5646
5891,3052
5892,4866
5893,4054
5894,6005
5895,3294
5896,4169
5897,3217
5898,391
5899,3955
5900,5325
5901,625
5902,5957
5903,4312
5904,4696
5905,2631
5906,5431
5907,5734
5908,558
5909,6499
5910,5712
5911,2541
5912,3718
5913,7297
5914,4335
5915,7599
5916,7315
5917,4164
5918,7677
5919,5554
5920,1964
5921,4928
5922,3949
5923,6940
5924,1034
5925,315
5926,2238
5927,4160
5928,3332
5929,7474
5930,2534
5931,68
5932,5089
5933,5146
5934,499
5935,1047
5936,313
5937,1497
5938,2053
5939,1622
5940,1818
5941,4933
5942,5066
5943,4272
5944,241
5945,959
5946,2453
5947,1918
5948,7580
5949,95
5950,5629
5951,4082
5952,3800
5953,6688
5954,3633
5955,5610
5956,2344
5957,7054
5958,2992
5959,4595
5960,6012
5961,1659
5962,2176
5963,6557
5964,3717
5965,5428
5966,4205
5967,2421
5968,1699
5969,7548
5970,7171
5971,6173
5972,1154
5973,5001
5974,7431
5975,1187
5976,7503
5977,5518
5978,85
5979,2122
5980,4214
5981,5795
5982,3318
5983,756
5984,5567
5985,1807
5986,7257
5987,7676
5988,5493
5989,6827
5990,2382
5991,1270
5992,2987
5993,2549
5994,4546
5995,6790
5996,6213
5997,765
5998,3
5999,6180
6000,3722
6001,156
6002,5892
6003,3230
6004,2531
6005,761
6006,1504
6007,2854
6008,189
6009,2685
6010,4163
6011,3652
6012,2388
6013,4369
6014,1782
6015,808
6016,772
6017,7356
6018,4914
6019,7562
6020,6232
6021,4628
6022,1408
6023,4078
6024,5434
6025,2936
6026,3088
6027,908
6028,3435
6029,7448
6030,3407
6031,618
6032,4732
6033,7063
6034,665
6035,3985
6036,6775
6037,5581
6038,3396
6039,7505
6040,4269
6041,2789
6042,6949
6043,1140
6044,3623
6045,6660
6046,7423
6047,139
6048,1271
6049,4475
6050,2276
6051,3682
6052,6694
6053,2032
6054,1449
6055,3076
6056,5949
6057,1597
6058,4250
6059,6580
6060,7277
6061,5810
6062,2146
6063,2357
6064,2175
6065,948
6066,6142
6067,7577
6068,2962
6069,2266
6070,1166
6071,2098
6072,2082
6073,6303
6074,6781
6075,4387
6076,2030
6077,307
6078,1343
6079,7050
6080,3057
6081,3761
6082,5885
6083,3371
6084,6563
6085,1230
6086,3063
6087,3143
6088,764
6089,3721
6090,2597
6091,6549
6092,3108
6093,1661
6094,3790
6095,6045
6096,7285
6097,4043
6098,4033
6099,5973
6100,1454
6101,1066
6102,6691
6103,7638
6104,4501
6105,689
6106,5283
6107,7693
6108,4888
6109,4736
6110,6732
6111,1771
6112,7068
6113,4372
6114,3828
6115,117
6116,6808
6117,3391
6118,3015
6119,7387
6120,4114
6121,3825
6122,4152
6123,2890
6124,7550
6125,3699
6126,5894
6127,2295
6128,3058
6129,4972
6130,7421
6131,2306
6132,6357
6133,6923
6134,3822
6135,4
6136,4422
6137,7723
6138,4918
6139,3974
6140,5040
6141,923
6142,7296
6143,7722
6144,3962
6145,1322
6146,4613
6147,6759
6148,1030
6149,326
6150,1850
6151,6009
6152,3906
6153,3634
6154,4569
6155,7610
6156,5939
6157,903
6158,3330
6159,5543
6160,4828
6161,7760
6162,4122
6163,7657
6164,964
6165,3049
6166,1954
6167,4358
6168,5290
6169,5361
6170,1639
6171,1778
6172,7538
6173,5475
6174,196
6175,299
6176,5752
6177,4556
6178,435
6179,4085
6180,3560
6181,6942
6182,6797
6183,122
6184,2878
6185,3638
6186,4173
6187,457
6188,185
6189,6117
6190,7453
6191,2090
6192,2700
6193,6312
6194,7065
6195,1837
6196,4850
6197,7415
6198,1444
6199,2581
6200,7082
6201,340
6202,1593
6203,4812
6204,256
6205,6659
6206,4689
6207,3564
6208,7692
6209,333
6210,3331
6211,6421
6212,6643
6213,6215
6214,1773
6215,5586
6216,4730
6217,3827
6218,1324
6219,4904
6220,4070
6221,6690
6222,2235
6223,1877
6224,1911
6225,800
6226,4841
6227,3316
6228,3034
6229,2734
6230,2802
6231,1106
6232,1128
6233,1617
6234,1789
6235,6338
6236,4986
6237,387
6238,5490
6239,2788
6240,1043
6241,2024
6242,2559
6243,7492
6244,1875
6245,711
6246,2683
6247,1387
6248,5760
6249,2020
6250,7019
6251,6999
6252,6881
6253,489
6254,3416
6255,4588
6256,1432
6257,4939
6258,2174
6259,2089
6260,1816
6261,1978
6262,4739
6263,2941
6264,6100
6265,1591
6266,6898
6267,1708
6268,1476
6269,2886
6270,4621
6271,1781
6272,3797
6273,3096
6274,4908
6275,5776
6276,5598
6277,578
6278,7385
6279,1516
6280,4109
6281,5178
6282,4763
6283,700
6284,966
6285,63
6286,6977
6287,6720
6288,1080
6289,1323
6290,7647
6291,5756
6292,3943
6293,3001
6294,3047
6295,3310
6296,7743
6297,5711
6298,3795
6299,2199
6300,5163
6301,2925
6302,4254
6303,471
6304,3719
6305,6008
6306,3539
6307,339
6308,6295
6309,7127
6310,1142
6311,5813
6312,278
6313,3338
6314,987
6315,894
6316,7014
6317,2340
6318,6159
6319,836
6320,3650
6321,1610
6322,7056
6323,4260
6324,7153
6325,25
6326,7674
6327,868
6328,1784
6329,5411
6330,3685
6331,7547
6332,5600
6333,7619
6334,1353
6335,7630
6336,1735
6337,4111
6338,6479
6339,7480
6340,7002
6341,1331
6342,1104
6343,1552
6344,3821
6345,2461
6346,103
6347,2011
6348,2270
6349,2614
6350,3787
6351,1448
6352,2417
6353,5527
6354,2517
6355,6341
6356,7704
6357,1171
6358,6293
6359,7150
6360,1372
6361,6084
6362,171
6363,3803
6364,453
6365,4806
6366,1866
6367,3261
6368,713
6369,6878
6370,5579
6371,282
6372,3149
6373,5205
6374,3780
6375,701
6376,2101
6377,6399
6378,2479
6379,6819
6380,2366
6381,7043
6382,6278
6383,1734
6384,7439
6385,6962
6386,5857
6387,6050
6388,6380
6389,6500
6390,5843
6391,6456
6392,5173
6393,5491
6394,6439
6395,6179
6396,7200
6397,516
6398,520
6399,4245
6400,3845
6401,4742
6402,5619
6403,4373
6404,1400
6405,7405
6406,1933
6407,1212
6408,223
6409,1340
6410,4474
6411,7774
6412,1603
6413,3991
6414,7670
6415,3140
6416,7154
6417,917
6418,5406
6419,6873
6420,1480
6421,3380
6422,4879
6423,4950
6424,570
6425,2272
6426,5193
6427,531
6428,4351
6429,656
6430,4800
6431,7103
6432,3964
6433,7005
6434,6528
6435,1598
6436,3785
6437,7560
6438,5477
6439,7077
6440,6137
6441,4702
6442,5191
6443,1916
6444,7727
6445,237
6446,4645
6447,1925
6448,2137
6449,2516
6450,130
6451,5110
6452,7652
6453,470
6454,1671
6455,4759
6456,5317
6457,588
6458,7263
6459,7340
6460,448
6461,6379
6462,7583
6463,6800
6464,478
6465,5622
6466,3292
6467,5330
6468,6823
6469,748
6470,6486
6471,3668
6472,7617
6473,2993
6474,6777
6475,2693
6476,7373
6477,3712
6478,7754
6479,4307
6480,3773
6481,6267
6482,3886
6483,3716
6484,7740
6485,1174
6486,2484
6487,6530
6488,250
6489,6524
6490,178
6491,5080
6492,7446
6493,1410
6494,2442
6495,6837
6496,5701
6497,1746
6498,5974
6499,2667
6500,3987
6501,3262
6502,1614
6503,7231
6504,6166
6505,3392
6506,4824
6507,3308
6508,6607
6509,4455
6510,4872
6511,163
6512,1208
6513,4955
6514,5395
6515,7282
6516,3615
6517,791
6518,5094
6519,500
6520,7551
6521,4065
6522,3103
6523,5266
6524,1107
6525,581
6526,7026
6527,4748
6528,1163
6529,7586
6530,2420
6531,6217
6532,4490
6533,4823
6534,4700
6535,3493
6536,2045
6537,4457
6538,3607
6539,607
6540,577
6541,2205
6542,4309
6543,2843
6544,5814
6545,5859
6546,7471
6547,2255
6548,104
6549,6825
6550,1334
6551,7594
6552,3659
6553,4380
6554,1943
6555,1501
6556,2696
6557,1327
6558,6282
6559,4843
6560,6447
6561,3801
6562,3563
6563,8
6564,2228
6565,3747
6566,6903
6567,5255
6568,5144
6569,2615
6570,4949
6571,7113
6572,2452
6573,6108
6574,7313
6575,4785
6576,1576
6577,7310
6578,2881
6579,7164
6580,7401
6581,3545
6582,5575
6583,2371
6584,1533
6585,5658
6586,4145
6587,258
6588,5692
6589,1572
6590,6150
6591,6745
6592,7393
6593,3099
6594,977
6595,2957
6596,6803
6597,998
6598,7570
6599,5913
6600,4146
6601,1099
6602,4257
6603,2473
6604,968
6605,3336
6606,3062
6607,5276
6608,1696
6609,572
6610,1748
6611,319
6612,7247
6613,5741
6614,7621
6615,7472
6616,6052
6617,7685
6618,5392
6619,1710
6620,4115
6621,2021
6622,6199
6623,3896
6624,4296
6625,6850
6626,73
6627,2588
6628,4610
6629,2739
6630,1730
6631,2033
6632,4407
6633,4123
6634,795
6635,6363
6636,2165
6637,3669
6638,5018
6639,3946
6640,2104
6641,1531
6642,3547
6643,7338
6644,5874
6645,1758
6646,1316
6647,358
6648,7396
6649,1618
6650,240
6651,3104
6652,1574
6653,3667
6654,6324
6655,2719
6656,1191
6657,6475
6658,2459
6659,4534
6660,6955
6661,5170
6662,5457
6663,1698
6664,195
6665,3027
6666,1854
6667,2926
6668,3823
6669,3871
6670,1382
6671,4278
6672,7349
6673,1437
6674,3925
6675,2243
6676,145
6677,4168
6678,4224
6679,7040
6680,46
6681,738
6682,677
6683,496
6684,5778
6685,7749
6686,3423
6687,226
6688,345
6689,739
6690,6145
6691,4685
6692,5736
6693,2213
6694,7172
6695,740
6696,4749
6697,1304
6698,2398
6699,2823
6700,4258
6701,6502
6702,2921
6703,4831
6704,5904
6705,2239
6706,1313
6707,6351
6708,3714
6709,2261
6710,5260
6711,4599
6712,1145
6713,2039
6714,2745
6715,4640
6716,4571
6717,2498
6718,7212
6719,3275
6720,7201
6721,2352
6722,5524
6723,3118
6724,2714
6725,6220
6726,7486
6727,284
6728,2731
6729,2038
6730,5154
6731,2974
6732,4471
6733,118
6734,4787
6735,6233
6736,2385
6737,5545
6738,6876
6739,2281
6740,2457
6741,1100
6742,6331
6743,7449
6744,720
6745,2840
6746,6253
6747,7626
6748,305
6749,4031
6750,114
6751,985
6752,4865
6753,762
6754,3178
6755,4855
6756,4113
6757,3504
6758,352
6759,1919
6760,1189
6761,6115
6762,4826
6763,6778
6764,4507
6765,1318
6766,629
6767,2727
6768,6628
6769,7354
6770,6244
6771,2968
6772,5307
6773,1498
6774,2565
6775,5560
6776,7600
6777,5263
6778,459
6779,2869
6780,723
6781,5871
6782,2329
6783,1981
6784,5651
6785,5737
6786,810
6787,3569
6788,179
6789,6360
6790,6354
6791,1557
6792,1897
6793,3170
6794,4836
6795,1216
6796,6772
6797,482
6798,2056
6799,2280
6800,1076
6801,6229
6802,1226
6803,518
6804,1826
6805,5343
6806,3660
6807,2612
6808,2999
6809,5715
6810,105
6811,2454
6812,173
6813,5708
6814,4957
6815,7706
6816,5029
6817,4913
6818,6422
6819,580
6820,1273
6821,2069
6822,2943
6823,7186
6824,1627
6825,1483
6826,1655
6827,131
6828,5327
6829,6000
6830,152
6831,806
6832,3280
6833,7689
6834,752
6835,3603
6836,3447
6837,6167
6838,5931
6839,3419
6840,2285
6841,4180
6842,6561
6843,7479
6844,1797
6845,5133
6846,6780
6847,488
6848,300
6849,6963
6850,967
6851,5632
6852,646
6853,2508
6854,3334
6855,3408
6856,2901
6857,5535
6858,4733
6859,2598
6860,2515
6861,5875
6862,11
6863,225
6864,4162
6865,6994
6866,6663
6867,6420
6868,356
6869,6265
6870,528
6871,5848
6872,712
6873,3767
6874,3657
6875,6258
6876,2902
6877,217
6878,2561
6879,5682
6880,6384
6881,892
6882,3180
6883,2635
6884,4762
6885,7650
6886,3830
6887,3791
6888,6621
6889,364
6890,2456
6891,7188
6892,1555
6893,7004
6894,2742
6895,2637
6896,559
6897,1828
6898,1713
6899,5424
6900,6776
6901,637
6902,6728
6903,2674
6904,690
6905,4142
6906,3653
6907,5413
6908,4249
6909,4014
6910,5605
6911,3362
6912,4940
6913,7346
6914,4581
6915,3611
6916,2135
6917,1812
6918,1946
6919,7477
6920,4136
6921,350
6922,7664
6923,7447
6924,6567
6925,4400
6926,5102
6927,3399
6928,6717
6929,4577
6930,5162
6931,3498
6932,5539
6933,2440
6934,4989
6935,1939
6936,3397
6937,6226
6938,4768
6939,5781
6940,6670
6941,2060
6942,6875
6943,3593
6944,6649
6945,6989
6946,3071
6947,1365
6948,7159
6949,5508
6950,6602
6951,406
6952,3335
6953,4476
6954,1277
6955,853
6956,3907
6957,4067
6958,2821
6959,6904
6960,5870
6961,3992
6962,3922
6963,3187
6964,7656
6965,7522
6966,5836
6967,7157
6968,123
6969,5082
6970,444
6971,3558
6972,1481
6973,1042
6974,6979
6975,5035
6976,120
6977,6235
6978,7766
6979,4488
6980,6612
6981,2142
6982,6373
6983,6683
6984,6340
6985,5855
6986,4772
6987,3878
6988,2414
6989,1205
6990,1131
6991,468
6992,616
6993,3613
6994,7381
6995,7517
6996,2537
6997,6010
6998,3642
6999,897
7000,1592
7001,4639
7002,4424
7003,5549
7004,6679
7005,683
7006,7272
7007,5968
7008,6724
7009,1892
7010,7742
7011,5551
7012,5019
7013,4584
7014,2183
7015,7090
7016,5612
7017,7232
7018,980
7019,3403
7020,4603
7021,4827
7022,6749
7023,3441
7024,6208
7025,6795
7026,708
7027,7289
7028,7511
7029,6056
7030,3356
7031,191
7032,2577
7033,840
7034,270
7035,4132
7036,6909
7037,5047
7038,7060
7039,6798
7040,5451
7041,6366
7042,1314
7043,5677
7044,6673
7045,5323
7046,2096
7047,6068
7048,2817
7049,7767
7050,4301
7051,7625
7052,2309
7053,2339
7054,6151
7055,912
7056,3106
7057,1787
7058,7280
7059,7558
7060,201
7061,4726
7062,3831
7063,4062
7064,4018
7065,6
7066,6276
7067,1578
7068,1261
7069,4937
7070,6983
7071,4344
7072,1799
7073,5440
7074,2117
7075,1507
7076,865
7077,4388
7078,6404
7079,1465
7080,4398
7081,6455
7082,2546
7083,6531
7084,7240
7085,252
7086,6740
7087,3084
7088,7239
7089,3437
7090,7322
7091,6462
7092,197
7093,861
7094,779
7095,6330
7096,297
7097,540
7098,4524
7099,3468
7100,2378
7101,2194
7102,6241
7103,2136
7104,5740
7105,6959
7106,6463
7107,2129
7108,5679
7109,4547
7110,5480
7111,4004
7112,4153
7113,6165
7114,7712
7115,6408
7116,5055
7117,2912
7118,3376
7119,2996
7120,1602
7121,7420
7122,7074
7123,6257
7124,5239
7125,7291
7126,7345
7127,7437
7128,2244
7129,910
7130,2432
7131,7353
7132,6471
7133,991
7134,7700
7135,7470
7136,1609
7137,4141
7138,5073
7139,6071
7140,3594
7141,4537
7142,2757
7143,6952
7144,4032
7145,4048
7146,3514
7147,3916
7148,7683
7149,5578
7150,6866
7151,3115
7152,7391
7153,6918
7154,6409
7155,2870
7156,296
7157,4535
7158,2330
7159,4075
7160,43
7161,554
7162,3153
7163,2277
7164,4117
7165,6049
7166,219
7167,6355
7168,5720
7169,5861
7170,6894
7171,4072
7172,5826
7173,1009
7174,4774
7175,6492
7176,1819
7177,3799
7178,1503
7179,2625
7180,4652
7181,4483
7182,1633
7183,3156
7184,1182
7185,5216
7186,1008
7187,7256
7188,7744
7189,1036
7190,7696
7191,283
7192,124
7193,4951
7194,6667
7195,6826
7196,1057
7197,5884
7198,6412
7199,6586
7200,6411
7201,6274
7202,4516
7203,1067
7204,5515
7205,57
7206,7347
7207,3269
7208,3935
7209,3628
7210,7335
7211,527
7212,7146
7213,2296
7214,1399
7215,3196
7216,4073
7217,691
7218,636
7219,4867
7220,4530
7221,5713
7222,5206
7223,6291
7224,2628
7225,7031
7226,6190
7227,1087
7228,1538
7229,6381
7230,7114
7231,1650
7232,2014
7233,3806
7234,5248
7235,4795
7236,3251
7237,6809
7238,5627
7239,238
7240,1418
7241,1429
7242,4308
7243,940
7244,4431
7245,2359
7246,3176
7247,3428
7248,5935
7249,1994
7250,1863
7251,347
7252,5107
7253,3125
7254,5235
7255,5517
7256,3037
7257,6635
7258,1846
7259,2486
7260,2177
7261,969
7262,574
7263,1571
7264,552
7265,1059
7266,6106
7267,56
7268,1055
7269,34
7270,5128
7271,407
7272,2044
7273,5171
7274,5445
7275,7208
7276,6176
7277,4550
7278,4463
7279,5353
7280,2054
7281,890
7282,3924
7283,2157
7284,3061
7285,22
7286,3538
7287,6939
7288,5282
7289,7333
7290,5015
7291,957
7292,5075
7293,1440
7294,6107
7295,7663
7296,5628
7297,5686
7298,3127
7299,5403
7300,7414
7301,3980
7302,5772
7303,4988
7304,1056
7305,4061
7306,1795
7307,1136
7308,7523
7309,2400
7310,1227
7311,941
7312,1554
7313,3506
7314,3164
7315,3999
7316,6539
7317,2155
7318,3364
7319,4884
7320,1172
7321,2702
7322,4897
7323,6004
7324,1913
7325,5656
7326,4096
7327,436
7328,5958
7329,6158
7330,1233
7331,2156
7332,7096
7333,1469
7334,5763
7335,5705
7336,4447
7337,1484
7338,1065
7339,5611
7340,2991
7341,208
7342,7275
7343,2462
7344,3032
7345,4328
7346,230
7347,1657
7348,6497
7349,506
7350,2389
7351,3496
7352,1354
7353,4973
7354,6096
7355,5257
7356,2055
7357,4416
7358,1148
7359,7167
7360,2704
7361,7631
7362,4993
7363,4099
7364,90
7365,1522
7366,1361
7367,4128
7368,408
7369,3881
7370,2310
7371,3175
7372,4819
7373,3035
7374,5355
7375,2808
7376,6183
7377,6764
7378,3005
7379,6288
7380,4364
7381,5469
7382,3764
7383,5746
7384,5379
7385,1679
7386,31
7387,1702
7388,5716
7389,3486
7390,4804
7391,5657
7392,5284
7393,5345
7394,1038
7395,7758
7396,1887
7397,1467
7398,2915
7399,6028
7400,3352
7401,2956
7402,3639
7403,5400
7404,5375
7405,2379
7406,2971
7407,6771
7408,4716
7409,1090
7410,6060
7411,7563
7412,1281
7413,6747
7414,2411
7415,2264
7416,6112
7417,4270
7418,4410
7419,7764
7420,7501
7421,7274
7422,7705
7423,2074
7424,3385
7425,2263
7426,4916
7427,7151
7428,3808
7429,5777
7430,7166
7431,6890
7432,3050
7433,2895
7434,3568
7435,3614
7436,6187
7437,2983
7438,1740
7439,6725
7440,2689
7441,3288
7442,6995
7443,3552
7444,1493
7445,4801
7446,5917
7447,1130
7448,1995
7449,7687
7450,3102
7451,3847
7452,2049
7453,603
7454,4844
7455,1766
7456,880
7457,5929
7458,5916
7459,3359
7460,1283
7461,5802
7462,5244
7463,5887
7464,6450
7465,1234
7466,2568
7467,2951
7468,1956
7469,4740
7470,6206
7471,1695
7472,1697
7473,4720
7474,4299
7475,7739
7476,4353
7477,3073
7478,611
7479,863
7480,4868
7481,3891
7482,245
7483,4480
7484,4261
7485,2470
7486,6075
7487,4125
7488,5233
7489,835
7490,4614
7491,4363
7492,989
7493,3007
7494,1736
7495,906
7496,5367
7497,6661
7498,19
7499,971
7500,7433
7501,5979
7502,4045
7503,7211
7504,2826
7505,6947
7506,3526
7507,7224
7508,6223
7509,1064
7510,6494
7511,634
7512,5069
7513,831
7514,3735
7515,7556
7516,209
7517,7251
7518,2412
7519,7209
7520,3598
7521,1510
7522,255
7523,2590
7524,1689
7525,3520
7526,1406
7527,1127
7528,7759
7529,2521
7530,1146
7531,5695
7532,5229
7533,7294
7534,4499
7535,2778
7536,1829
7537,2759
7538,6300
7539,3920
7540,7226
7541,710
7542,7478
7543,4620
7544,2504
7545,5296
7546,2249
7547,2830
7548,7259
7549,798
7550,1992
7551,6188
7552,5606
7553,498
7554,4161
7555,1114
7556,5147
7557,3303
7558,5370
7559,5484
7560,5222
7561,2097
7562,5201
7563,7539
7564,6163
7565,3769
7566,5525
7567,215
7568,7561
7569,244
7570,4728
7571,2584
7572,3415
7573,6161
7574,5489
7575,5976
7576,3224
7577,5883
7578,2520
7579,1684
7580,7143
7581,5159
7582,367
7583,3242
7584,6648
7585,3918
7586,2661
7587,2748
7588,5441
7589,2223
7590,7757
7591,7748
7592,4227
7593,3930
7594,2799
7595,6569
7596,784
7597,5444
7598,3501
7599,6681
7600,6622
7601,276
7602,1551
7603,4803
7604,5464
7605,3630
7606,6848
7607,4963
7608,3686
7609,4938
7610,6992
7611,2292
7612,7531
7613,3690
7614,7468
7615,6027
7616,6133
7617,4201
7618,2528
7619,2853
7620,871
7621,4186
7622,2336
7623,4699
7624,2008
7625,896
7626,508
7627,5987
7628,2403
7629,5220
7630,7138
7631,2961
7632,3929
7633,4418
7634,4441
7635,3091
7636,2164
7637,6743
7638,1517
7639,997
7640,5332
7641,3843
7642,5555
7643,7592
7644,2326
7645,5742
7646,309
7647,3040
7648,847
7649,3383
7650,4486
7651,5732
7652,2275
7653,1714
7654,6111
7655,3216
7656,4715
7657,327
7658,6857
7659,509
7660,585
7661,4570
7662,5864
7663,6025
7664,5000
7665,397
7666,2489
7667,7046
7668,5709
7669,5203
7670,5123
7671,2501
7672,1573
7673,1770
7674,2607
7675,3401
7676,2348
7677,5231
7678,6595
7679,2048
7680,2838
7681,682
7682,3151
7683,5854
7684,3942
7685,4543
7686,7180
7687,6757
7688,1961
7689,254
7690,6285
7691,4232
7692,1375
7693,6591
7694,4148
7695,1069
7696,4729
7697,3543
7698,2320
7699,2617
7700,7053
7701,7536
7702,5125
7703,2657
7704,1611
7705,1532
7706,6289
7707,3147
7708,7719
7709,2171
7710,3422
7711,7729
7712,127
7713,1904
7714,5036
7715,4875
7716,3479
7717,6568
7718,4464
7719,5910
7720,5725
7721,1926
7722,5625
7723,931
7724,4433
7725,3313
7726,5967
7727,2791
7728,4810
7729,405
7730,4520
7731,4028
7732,3972
7733,6177
7734,4765
7735,882
7736,902
7737,7102
7738,5744
7739,4789
7740,2160
7741,2769
7742,6231
7743,5707
7744,5113
7745,1228
7746,301
7747,6695
7748,28
7749,3902
7750,7518
7751,4983
7752,5076
7753,2399
7754,6548
7755,5895
7756,235
7757,2855
7758,257
7759,1320
7760,3975
7761,7601
7762,2512
7763,1073
7764,6529
7765,6789
7766,5798
7767,2363
7768,5016
7769,4176
7770,1388
7771,3625
7772,3796
7773,5604
7774,54
7775,2026
7776,5253
